品类,品名,市价,折价,商家
日用杂品/清洁用品/衣服护理及清洁,超能 柔顺舒适洗衣液6斤（1.5kg+500g*3）植物基配方 洁净 亲肤 馨香,39.9,37.43,京东（员工活动）
日用杂品/清洁用品/衣服护理及清洁,保宁可手洗婴儿洗衣液袋装宝宝衣物清洁洗衣液补充装1300ml,54.5,39.19,京东（员工活动）
日用杂品/清洁用品/衣服护理及清洁,雕牌洗衣凝珠 暖日阳光馨香 50颗*8g(盒装）除菌99%除螨去除火锅异味 ,59.9,39.5,京东（员工活动）
日用杂品/清洁用品/衣服护理及清洁,子初婴儿洗衣液儿童洗衣液宝宝专用洗衣液成人可用家庭装,59.0,46.55,京东（员工活动）
日用杂品/清洁用品/衣服护理及清洁,花木星球天然香氛洗衣液除菌除螨洁净持久留香白桃+桃花1.9kg*2,82.9,49.9,京东（员工活动）
日用杂品/清洁用品/衣服护理及清洁,汰渍洁净透亮除菌除螨持久留香薰香洗衣液8.7斤(1.85kg+500g*5),69.9,54.0,京东（员工活动）
日用杂品/清洁用品/衣服护理及清洁,威露士La有氧洗洗衣套装10斤（1L*2瓶+袋1L+装500ml*4）除菌除螨,65.8,57.31,京东（员工活动）
日用杂品/清洁用品/衣服护理及清洁,蓝月亮 运动型洗衣液预涂专用款翻盖手洗500g（小苍兰香）去汗味抑汗味,18.9,17.73,京东（员工活动）
日用杂品/清洁用品/衣服护理及清洁,花王洁霸（ATTACK）瞬清无磷洗衣液（紫藤花香）补充装1.5kg,28.0,21.0,京东（员工活动）
日用杂品/清洁用品/衣服护理及清洁,蓝月亮除菌去味洗衣液 除菌99.9% 橙花香味 去霉味防阴干味 1kg补充装,22.9,21.49,京东（员工活动）
日用杂品/清洁用品/衣服护理及清洁,蓝月亮 深层洁净护理洗衣液袋装500g（自然清香）补充装,10.9,7.5,京东（员工活动）
日用杂品/清洁用品/衣服护理及清洁,蓝月亮 深层洁净护理洗衣液（薰衣草香）500g/瓶,9.9,9.29,京东（员工活动）
日用杂品/清洁用品/衣服护理及清洁,汰渍洁净透亮除菌除螨持久留香樱花香味洗衣液700g,19.9,10.0,京东（员工活动）
日用杂品/清洁用品/衣服护理及清洁,汰渍专业养护多效高能香氛持久留香洁净除螨薰衣草香洗衣液900G,34.9,17.0,京东（员工活动）
日用杂品/清洁用品/衣服护理及清洁,卫新心心 护色洗衣液 袋装（补充装）2kg 柔顺护衣 净白亮色 机洗手洗,23.9,20.3,京东（员工活动）
日用杂品/清洁用品/衣服护理及清洁,爱护婴儿洗衣液 新生儿抑菌洗衣液 宝宝洗衣液 儿童多效抑菌洗衣液2L,29.9,21.33,京东（员工活动）
日用杂品/清洁用品/衣服护理及清洁,汰渍洗衣液专业养护多效高能香氛持久留香洁净除螨3.8斤,26.9,25.24,京东（员工活动）
日用杂品/清洁用品/衣服护理及清洁,芭菲洗衣液持久留香  深层洁净   99.99%抑菌 4斤实惠装,32.9,26.9,京东（员工活动）
日用杂品/清洁用品/衣服护理及清洁,卫新清怡樱花衣物柔顺剂护理剂（2kg×2+50g×4) 有效除菌 防静电 ,42.9,29.5,京东（员工活动）
日用杂品/清洁用品/衣服护理及清洁,Frosch芦荟润肤洁净洗衣液750ml 温和不伤手 贴身衣物洗衣液,45.9,33.0,京东（员工活动）
日用杂品/卫浴用品/口腔护理及清洁,DARLIE好来(原黑人)茶倍健龙井绿茶牙膏190g 初萃茶多酚（新旧随机）,18.9,12.0,京东（员工活动）
日用杂品/卫浴用品/口腔护理及清洁,好来（DARLIE） (原黑人)专研护龈抗口气牙膏120g 呵护牙龈 改善牙龈红肿 抗口气,17.8,14.0,京东（员工活动）
日用杂品/卫浴用品/口腔护理及清洁,DARLIE好来(原黑人)炭金炫洁牙刷2支 软毛细毛 深入清洁 新旧包装随机,26.9,15.0,京东（员工活动）
日用杂品/卫浴用品/口腔护理及清洁,冷酸灵贝乐乐汪汪队儿童牙膏三支套装 无氟2-12岁以上宝宝水果味不含氟,44.9,16.9,京东（员工活动）
日用杂品/卫浴用品/口腔护理及清洁,云南白药健齿护龈缓解牙龈问题清新口气留兰香型牙膏100g,18.8,17.64,京东（员工活动）
日用杂品/卫浴用品/口腔护理及清洁,ZA软毛牙刷2支装 旅行牙刷套装 超软毛情侣小头牙刷 牙龈敏感,19.9,17.9,京东（员工活动）
日用杂品/卫浴用品/口腔护理及清洁,蒲地蓝成人细软 软毛牙刷,19.9,18.67,京东（员工活动）
日用杂品/卫浴用品/口腔护理及清洁,狮王（Lion）小狮王婴幼儿牙刷0～3岁软毛牙刷防滑刷柄小巧刷头颜色随机单支,25.8,19.0,京东（员工活动）
日用杂品/卫浴用品/口腔护理及清洁,片仔癀牙火清牙膏健康护龈清新口气改善异味缓解口腔上火 菁萃药香155g,29.9,21.62,京东（员工活动）
日用杂品/卫浴用品/口腔护理及清洁,幸福草 万根超柔分区护理牙刷 柔软护敏型*2支装（新老包装随机发货）,24.9,23.36,京东（员工活动）
日用杂品/家居用品/毛巾浴巾,金号 ZL2107 纯棉 轻语毛巾礼盒 颜色随机 两条装,89.0,33.22,京东（员工活动）
日用杂品/清洁用品/清洁剂,蓝月亮衣物消毒液除菌液2kg 杀菌99.999% 同洗衣液搭配使用 ,59.9,44.5,京东（员工活动）
日用杂品/卫浴用品/面部护理及清洁,百雀羚女神节礼物 止痒润肤露200g（身体乳 清爽型保湿型随机）,29.5,27.68,京东（员工活动）
日用杂品/卫浴用品/面部护理及清洁,自然乐园（Nature Republic）自然共和国洗面奶芦荟洁面乳温和不刺激敏感肌适用清洁毛孔150ml,39.0,29.5,京东（员工活动）
日用杂品/卫浴用品/面部护理及清洁,妮维雅（NIVEA）温和滋润美白洗面奶晶纯皙白泡沫洁面乳150g双支套装,42.9,32.9,京东（员工活动）
日用杂品/卫浴用品/面部护理及清洁,一叶子乳液 白百合提亮补水乳120ml 锁水保湿改善暗沉紧致毛孔,39.0,36.59,京东（员工活动）
日用杂品/卫浴用品/面部护理及清洁,透蜜防晒霜隔离乳二合一物化结合双重防晒隔离紫外防护军训SPF50PA+++,79.9,48.0,京东（员工活动）
日用杂品/卫浴用品/面部护理及清洁,曼秀雷敦（Mentholatum） 蜂蜜修护润唇膏男女补水保湿滋润防干裂唇膜淡化唇纹 佛手柑4g*2,55.5,49.9,京东（员工活动）
日用杂品/卫浴用品/面部护理及清洁,丁家宜（TJOY）洗面奶 男士控油抗痘洁面乳 深层清洁去黑头洁面膏霜洁面奶120g,59.0,55.35,京东（员工活动）
日用杂品/卫浴用品/面部护理及清洁,适乐肤（CeraVe）美国CeraVe适乐肤修护保湿润肤乳88ml,68.0,63.79,京东（员工活动）
日用杂品/卫浴用品/口腔护理及清洁,佳洁士全龄养齿中老年版牙膏90g增强牙齿密度99%氨基酸预防牙质流失,49.9,29.9,京东（员工活动）
日用杂品/卫浴用品/口腔护理及清洁,舒客宝贝（sakykids）儿童牙膏按压式牙膏2-3-6-12岁葡萄味150g含氟防蛀舒客克固齿牙膏,39.9,30.0,京东（员工活动）
日用杂品/卫浴用品/口腔护理及清洁,黑人（DARLIE）牙膏去牙渍 竹炭深洁牙膏190g*2支380g,33.4,31.33,京东（员工活动）
日用杂品/卫浴用品/口腔护理及清洁,云南白药烟后去渍吸烟人士朗健牙膏清新口气润口去渍清爽薄荷120g,40.8,31.35,京东（员工活动）
日用杂品/卫浴用品/口腔护理及清洁,DARLIE好来(原黑人)茶倍健初萃茶牙膏3支（白桃味+百香果味）共480g,44.9,35.0,京东（员工活动）
日用杂品/卫浴用品/口腔护理及清洁,DARLIE好来(原黑人) 超白双重薄荷茶倍健（百香果/白桃）牙膏715g家庭装,59.9,36.9,京东（员工活动）
日用杂品/卫浴用品/口腔护理及清洁,舒适达美白配方抗敏感牙膏  美白护理抗敏亮白牙齿清新口气去渍180g,48.0,38.0,京东（员工活动）
日用杂品/卫浴用品/口腔护理及清洁,云南白药儿童牙膏益生菌养护固齿呵护萌齿3-6岁草莓味牙膏60g,48.0,45.03,京东（员工活动）
日用杂品/卫浴用品/口腔护理及清洁,片仔癀牙火清漱口水家庭装清火护龈清新口气 森林薄荷500ml*3,75.9,59.9,京东（员工活动）
日用杂品/卫浴用品/口腔护理及清洁,片仔癀全家福牙膏礼盒缓解口腔上火 药香195g*2+冰爽155g+留兰香155g,119.0,69.9,京东（员工活动）
日用杂品/清洁用品/衣服护理及清洁,绿伞去污超人除菌除螨洗衣液3kg（玉兰幽香） 深层清洁中性机洗手洗,29.9,21.9,京东（员工活动）
日用杂品/清洁用品/衣服护理及清洁,花王（KAO）衣领净 衬衫衣领清洁剂去黄去油渍 领口去污清洗剂洗衣液300ml,45.0,36.0,京东（员工活动）
日用杂品/清洁用品/衣服护理及清洁,汰渍洁净透亮除菌除螨持久留香薰衣草香洗衣液7.4斤,59.9,49.0,京东（员工活动）
日用杂品/清洁用品/衣服护理及清洁,五羊（FIVERAMS）洗衣液4斤装 抑菌洗衣液 手洗机洗家庭装 多效5合1 深层洁净衣物,12.5,9.7,京东（员工活动）
日用杂品/清洁用品/衣服护理及清洁,妈妈壹选内衣皂液300g 内衣净 专业手洗洗衣液 抑菌去污 柔顺护纤 去血渍,16.9,13.5,京东（员工活动）
日用杂品/清洁用品/衣服护理及清洁,汰渍洁净透亮除菌除螨持久留香樱花洗衣液13.2斤(3kg*2+200g*3),66.9,62.76,京东（员工活动）
日用杂品/清洁用品/衣服护理及清洁,汰渍超强洁净透亮除菌除螨持久留香樱花洗衣凝珠51颗洗衣液凝珠,129.9,65.0,京东（员工活动）
日用杂品/清洁用品/衣服护理及清洁,网易严选英国梨香 酵素洗衣液 除菌除螨  强效去污 护衣护色 含补充装12斤,89.9,65.8,京东（员工活动）
日用杂品/清洁用品/衣服护理及清洁,威露士  菁华索菲亚玫瑰香水洗衣液留香持久 4.26kg,77.12,69.0,京东（员工活动）
日用杂品/清洁用品/衣服护理及清洁,威露士 卫新护色洗衣液 袋装 2kg 3袋/包,97.24,87.0,京东（员工活动）
日用杂品/卫浴用品/面部护理及清洁,赫恩（H&E）男士美白控油去角质洗面奶男200g焕白提亮 温和保湿 去黑头洁面乳,75.0,70.35,京东（员工活动）
日用杂品/卫浴用品/面部护理及清洁,御泥坊 防晒女男精华乳御时光小金盾防晒乳 SPF50+ PA+++ 50ml ,79.0,74.11,京东（员工活动）
日用杂品/卫浴用品/面部护理及清洁,曼秀雷敦（Mentholatum）修护润唇膏女男补水保湿滋润防干裂唇膜 什果冰真果汁柠檬3.5g,22.9,19.21,京东（员工活动）
日用杂品/卫浴用品/面部护理及清洁,欧贝斯 男士乳液水润滋养保湿乳100ml（男士护肤 补水保湿 滋润肌肤）,26.0,19.9,京东（员工活动）
日用杂品/卫浴用品/面部护理及清洁,碧柔（Biore）轻透倍护防晒乳40ml  SPF50+ PA+++  隔离轻透,50.0,36.28,京东（员工活动）
日用杂品/卫浴用品/面部护理及清洁,妮维雅(NIVEA)男士控油净爽防晒液50gSPF35PA++（防晒霜）,39.0,36.59,京东（员工活动）
日用杂品/卫浴用品/面部护理及清洁,片仔癀皇后牌珍珠霜25g*3 补水保湿滋润擦脸霜男女适用面霜,39.0,36.59,京东（员工活动）
日用杂品/卫浴用品/面部护理及清洁,莎娜（SANA）豆乳美肌泡沫洗面奶女按压泡泡温和清洁慕斯保湿洁面敏感肌200ml,65.0,45.5,京东（员工活动）
日用杂品/卫浴用品/面部护理及清洁,阿道夫男士洗面奶50g 海盐氨基酸控油水润洁面乳 除螨控油净爽洁面膏,29.0,15.0,京东（员工活动）
日用杂品/卫浴用品/面部护理及清洁,高夫新控油竹炭泡沫洁面乳100g（竹炭净肤 洗面奶男）男士护肤品,23.0,19.9,京东（员工活动）
日用杂品/卫浴用品/口腔护理及清洁,皓牛（HAONIU）宝宝儿童牙刷细软毛牙刷*6支 3-6-12岁,14.9,13.98,京东（员工活动）
日用杂品/卫浴用品/口腔护理及清洁,好来（DARLIE）专研清新牙膏120g 对抗口气 有效减少细菌滋生 ,17.8,14.0,京东（员工活动）
日用杂品/卫浴用品/口腔护理及清洁,DARLIE好来(原黑人)小细洁净牙刷2支装,29.9,15.0,京东（员工活动）
日用杂品/卫浴用品/口腔护理及清洁,RAOYI 日式超软万根毛牙刷 双重植毛清洁牙缝清洁 护龈月子孕妇牙刷黑白2支,19.9,18.67,京东（员工活动）
日用杂品/卫浴用品/口腔护理及清洁,DARLIE 好来(原黑人)密护龈·炭2支装 超软毛牙刷  炭丝抗菌 清洁护龈,19.9,18.67,京东（员工活动）
日用杂品/卫浴用品/口腔护理及清洁,云南白药健齿护龈缓解牙龈问题清新口气留兰香型牙膏120g,21.6,19.0,京东（员工活动）
日用杂品/卫浴用品/口腔护理及清洁,皓乐齿(Ora2)亮白净色牙膏(玫瑰果香140g)温和不刺激 有效去渍 ,29.3,20.0,京东（员工活动）
日用杂品/卫浴用品/口腔护理及清洁,皓乐齿(Ora2)亮白净色牙膏(茉莉花茶味125g)温和不刺激 有效去渍  ,29.3,20.0,京东（员工活动）
日用杂品/卫浴用品/口腔护理及清洁,冷酸灵抗敏感牙膏量贩家庭套装5支+牙膏30g*2+软毛牙刷*2 多效合一,46.8,29.9,京东（员工活动）
日用杂品/卫浴用品/口腔护理及清洁,舒适达劲速护理抗敏感牙膏  缓解牙齿敏感口气清新抗敏含氟180g,48.0,38.0,京东（员工活动）
日用杂品/卫浴用品/口腔护理及清洁,皓乐齿(Ora2)净澈气息漱口水套装460ml*2支(甜润苹果&爽口青柠)清新气息,64.0,53.0,京东（员工活动）
日用杂品/卫浴用品/口腔护理及清洁,DARLIE好来(原黑人)星耀白牙膏雪绒花3支360g亮白去渍星星膏体口味随机,79.9,65.0,京东（员工活动）
日用杂品/卫浴用品/口腔护理及清洁,欧乐B牙龈专护漱口水共1500ml,74.8,65.0,京东（员工活动）
日用杂品/卫浴用品/口腔护理及清洁,飞利浦(PHILIPS) 电动牙刷头 钻石亮白 3支装 黑色 HX6063/96(6063/35升级款) 适配HX9352/9372/6874,139.0,120.0,京东（员工活动）
日用杂品/卫浴用品/口腔护理及清洁,皓齿健（Hosjam）小苏打牙膏按压式220g(国际留兰）清新口气 防蛀固齿 祛牙渍亮白,28.8,18.0,京东（员工活动）
日用杂品/卫浴用品/口腔护理及清洁,云南白药益生菌清新口气净白牙齿平衡口腔环境牙膏105g,20.5,19.23,京东（员工活动）
日用杂品/卫浴用品/口腔护理及清洁,佳洁士热感美白牙膏去烟渍去黄去渍防渍烟酰胺含氟清新口气90g,25.9,22.0,京东（员工活动）
日用杂品/卫浴用品/口腔护理及清洁,两面针（LMZ）中药牙膏 清火 修护口腔粘膜 清火消溃120g,22.8,21.39,京东（员工活动）
日用杂品/卫浴用品/口腔护理及清洁,舒客泡感深洁亮白牙膏(竹炭薄荷)120g绵密泡沫谷物亮白精华美白牙齿,25.9,22.0,京东（员工活动）
日用杂品/卫浴用品/口腔护理及清洁,狮王（Lion）细齿洁弹力护龈牙刷*4支装 软毛牙刷 深入清洁 弹力刷柄,27.9,23.0,京东（员工活动）
日用杂品/卫浴用品/口腔护理及清洁,狮王（Lion）细齿洁弹力护龈牙刷*1支装 软毛牙刷 深入清洁 弹力刷柄,9.9,7.0,京东（员工活动）
日用杂品/卫浴用品/口腔护理及清洁,DARLIE好来(原黑人)超白竹炭深洁牙膏120g（新老包装随机发放）,13.5,8.5,京东（员工活动）
日用杂品/卫浴用品/口腔护理及清洁,佳洁士3D炫白劲爽清新牙膏180g 防蛀含氟去黄清新口气新老包装随机,9.9,8.7,京东（员工活动）
日用杂品/卫浴用品/口腔护理及清洁,云南白药牙膏 健齿护龈 缓解口腔问题清新口气 留兰香型45g,9.3,8.73,京东（员工活动）
日用杂品/卫浴用品/口腔护理及清洁,纳美（Namei）小苏打牙膏海盐薄荷美白清新口气源生美白护龈清洁口腔含氟160g,13.9,9.0,京东（员工活动）
日用杂品/卫浴用品/口腔护理及清洁,LG竹盐  多彩便携旅行套装（精研卓效牙膏30g+便携软毛牙刷）多彩便携 时尚轻巧（四种颜色随机发放）,9.9,9.29,京东（员工活动）
日用杂品/卫浴用品/口腔护理及清洁,三金西瓜霜牙膏深层清洁清新口气牙焱清 滋养牙龈留兰香型125g,16.8,11.0,京东（员工活动）
日用杂品/卫浴用品/口腔护理及清洁,佳洁士(Crest) 茶洁牙膏90g(天然茶叶精华 高效防蛀),4.9,3.0,京东（员工活动）
日用杂品/卫浴用品/口腔护理及清洁,DARLIE好来(原黑人)白·酵素牙膏25g祛茶渍烟渍清新口气酵素配方便携装,19.0,5.0,京东（员工活动）
日用杂品/卫浴用品/口腔护理及清洁,冷酸灵 冰柠酷爽 双重抗敏感 牙膏130g蕴含柠檬精华 滋养牙龈 清新口气,12.9,8.9,京东（员工活动）
日用杂品/卫浴用品/口腔护理及清洁,舒客宝贝儿童牙膏牙刷套装 2-3-6-12岁（牙膏60g*4+儿童牙刷2支）防蛀固齿,32.9,25.0,京东（员工活动）
日用杂品/卫浴用品/口腔护理及清洁,DARLIE好来(原黑人)超白·密泡小苏打牙膏3支共570g（口味随机发放）,39.9,35.0,京东（员工活动）
日用杂品/卫浴用品/口腔护理及清洁,云南白药儿童牙膏益生菌防蛀固齿强健牙釉质6-12岁薄荷味牙膏60g,42.0,39.4,京东（员工活动）
日用杂品/卫浴用品/口腔护理及清洁,两面针（LMZ）中药牙膏 专研缓解牙龈问题 养龈固齿 深效修复80g,59.8,41.86,京东（员工活动）
日用杂品/卫浴用品/口腔护理及清洁,皓乐齿(Ora2)顶端超细毛牙刷套装(软毛*4) 成人小头牙刷 颜色随机发放 ,59.9,45.0,京东（员工活动）
日用杂品/卫浴用品/口腔护理及清洁,DARLIE好来(原黑人)家庭套装牙膏820g 护牙亮白 清新口气,66.9,59.0,京东（员工活动）
日用杂品/卫浴用品/口腔护理及清洁,佳洁士香氛锁白牙膏5支清新口气美白牙膏去黄去牙渍防渍含氟防蛀共600g,69.9,59.0,京东（员工活动）
日用杂品/卫浴用品/口腔护理及清洁,Avec Moi漱口水 海洋之风均衡益生菌簌口水 473ml（清新口气 温和清洁）,68.0,63.79,京东（员工活动）
日用杂品/卫浴用品/口腔护理及清洁,AvecMoi海洋之风益生菌牙膏牙刷套装 靓白牙膏100g+牙刷x1（清新口气 深度清洁）,78.0,73.17,京东（员工活动）
日用杂品/卫浴用品/口腔护理及清洁,冷酸灵防菌抗敏牙膏180g （特含SDC健齿素 减少牙菌斑）强健牙齿护牙龈,9.9,6.9,京东（员工活动）
日用杂品/卫浴用品/口腔护理及清洁,高露洁（Colgate）活性酵素美白牙膏25gX3支（ 白桃+桂花+薄荷） 清新口气,36.9,10.9,京东（员工活动）
日用杂品/卫浴用品/口腔护理及清洁,DARLIE好来(原黑人)炭旋双洁牙刷2支 细软毛 炭丝刷毛 深入清洁,11.9,11.17,京东（员工活动）
日用杂品/卫浴用品/口腔护理及清洁,云南白药益生菌清新口气净白牙齿平衡口腔环境牙膏145g,24.7,21.45,京东（员工活动）
日用杂品/卫浴用品/口腔护理及清洁,狮王（Lion）细齿洁弹力SUPER护龈牙刷*4支装软毛牙刷8字植毛贴合牙齿颜色随机,38.0,35.0,京东（员工活动）
日用杂品/卫浴用品/口腔护理及清洁,云南白药孕产期孕妇专用牙膏无氟清新口气青柚味80g,39.2,36.1,京东（员工活动）
日用杂品/卫浴用品/口腔护理及清洁,oralshark参半口腔鲨鱼美白牙膏益生菌洁净口腔去渍增白清新口气120g,39.9,37.1,京东（员工活动）
日用杂品/卫浴用品/口腔护理及清洁,DARLIE好来(原黑人)按压式儿童牙膏2-12岁 苹果+草莓 共240g 抗糖酸防蛀,43.9,40.0,京东（员工活动）
日用杂品/卫浴用品/口腔护理及清洁,【整包】中华 健齿白 炫动果香味 牙膏 155g * 9支（新老包装随机发货）,49.9,40.5,京东（员工活动）
日用杂品/清洁用品/生活用纸,维达（Vinda）湿巾 75%酒精湿巾30片*3包专业杀菌湿纸巾 酒精棉片湿巾纸,32.9,30.87,京东（员工活动）
日用杂品/清洁用品/生活用纸,心相印婴儿湿巾 宝宝手口PP专用湿纸巾 儿童带盖湿巾80抽5包 新老随机发,45.0,35.0,京东（员工活动）
日用杂品/清洁用品/生活用纸,京东京造 抽取式厨房纸巾抽纸80抽*8包  厨房用纸 餐巾纸 大包大号,29.9,25.6,京东（员工活动）
日用杂品/清洁用品/生活用纸,维达（Vinda）卷纸 棉韧130克20卷 亲肤无刺激 卫生纸卷筒纸 纸巾卷纸,49.7,42.7,京东（员工活动）
日用杂品/清洁用品/生活用纸,清风大卷纸6卷3层510克家用手厕纸酒店厕所有芯卫生纸卷筒纸商用纸巾大盘纸BJ0WA3E,65.9,61.0,京东（员工活动）
日用杂品/清洁用品/生活用纸,洁柔卷纸 加厚4层180g卫生纸巾*27卷（黑Face 母婴可用 冲厕易降解）,89.9,68.0,京东（员工活动）
日用杂品/卫浴用品/口腔护理及清洁,高露洁（Colgate）儿童牙刷细毛软毛 6-12岁 换牙期（颜色随机发 ）清洁牙齿  ,7.9,6.5,京东（员工活动）
日用杂品/卫浴用品/口腔护理及清洁,DARLIE好来(原黑人)茶倍健茉莉白茶牙膏140g（新旧包装随机发放）,15.5,9.0,京东（员工活动）
日用杂品/卫浴用品/口腔护理及清洁,舒客宝贝（sakykids）儿童软毛牙刷  2-6-12岁宝宝 1支 京东儿童牙刷新老包装随机,9.9,9.29,京东（员工活动）
日用杂品/卫浴用品/口腔护理及清洁,DARLIE好来(原黑人)宝贝兔儿童牙刷*2 6岁以上 呵护牙龈(颜色随机发货),10.9,9.5,京东（员工活动）
日用杂品/卫浴用品/口腔护理及清洁,DARLIE好来(原黑人)双重薄荷牙膏225g 清新口气 防蛀固齿 （新旧随机）,19.9,12.0,京东（员工活动）
日用杂品/卫浴用品/口腔护理及清洁,好来（DARLIE） (原黑人)专研护龈抗敏感牙膏120g 呵护牙龈对抗敏感 护理口腔,17.8,14.0,京东（员工活动）
日用杂品/卫浴用品/口腔护理及清洁,佳洁士香氛锁白小白管美白去黄牙膏清新口气馥郁玫瑰香120g ,19.9,14.9,京东（员工活动）
日用杂品/卫浴用品/口腔护理及清洁,云南白药 便携旅行装（冬青香45g牙膏+牙刷+便携袋）（新老包装随机发货）,15.9,14.92,京东（员工活动）
日用杂品/卫浴用品/口腔护理及清洁,冷酸灵极地白泵式牙膏130g  抗敏感美白牙齿 闪蓝啫喱膏体海洋薄荷香型,25.8,17.9,京东（员工活动）
日用杂品/卫浴用品/口腔护理及清洁,冷酸灵极光感双重抗敏泵式牙膏130g 美白牙齿 缓解和修复敏感牙齿,39.9,17.9,京东（员工活动）
日用杂品/卫浴用品/口腔护理及清洁,冷酸灵守护管专研抗敏（护龈配方）110g 抗敏感牙膏舒缓修护护龈,24.9,17.9,京东（员工活动）
日用杂品/卫浴用品/口腔护理及清洁,中华 【整包】双钙防蛀 黑芝麻薄荷味 牙膏 90g * 9支 新老包装随机发货,24.5,18.99,京东（员工活动）
日用杂品/卫浴用品/口腔护理及清洁,佳洁士漱口水锁白白桃漱口水250ml 清新白桃香 长效清新口气 不含酒精,29.9,19.0,京东（员工活动）
日用杂品/卫浴用品/口腔护理及清洁,DARLIE好来(原黑人)牙膏40g 小巧便携 清新口气 款式随机,19.9,6.0,京东（员工活动）
日用杂品/卫浴用品/口腔护理及清洁,NVR益生菌牙膏45g便携旅行装（非单卖品 不单独销售慎拍）,6.9,6.48,京东（员工活动）
日用杂品/卫浴用品/口腔护理及清洁,高露洁（Colgate）360°全面口腔清洁成人牙刷×2（软刷清洁舌苔 细菌倍减）,11.3,10.2,京东（员工活动）
日用杂品/卫浴用品/口腔护理及清洁,DARLIE好来(原黑人)超白牙膏140g 清新口气（新老包装随机发放）,15.5,9.0,京东（员工活动）
日用杂品/卫浴用品/口腔护理及清洁,美乐比儿童牙刷软毛超细1-2-3-5-6岁4以上婴幼儿乳牙宝宝万毛牙刷1支,9.9,9.29,京东（员工活动）
日用杂品/卫浴用品/口腔护理及清洁,牙博士牙膏牙刷套装洁白去黄清新口气175g+2支牙刷洁齿减轻牙菌斑,12.9,6.0,京东（员工活动）
日用杂品/卫浴用品/口腔护理及清洁,DARLIE好来(原黑人)超白竹炭深洁牙膏140g （新老包装随机发放）,15.5,9.5,京东（员工活动）
日用杂品/卫浴用品/口腔护理及清洁,佳洁士防蛀修护牙膏清新青柠清新口气200g（青柠香）新老包装 随机发货,12.9,10.0,京东（员工活动）
日用杂品/卫浴用品/口腔护理及清洁,DARLIE好来(原黑人)双重薄荷多效护理牙膏180g（新旧包装随机发放）,19.9,11.5,京东（员工活动）
日用杂品/卫浴用品/口腔护理及清洁,高露洁（Colgate）牙膏奇绩修护牙膏90g×3含氨基酸精华减少牙结石形成 护龈深洁,112.0,105.06,京东（员工活动）
日用杂品/清洁用品/生活用纸,洁云福瑞国色荷花3层130抽软抽面巾纸 6包 S码 （新老包装交替发货）,10.4,9.76,京东（员工活动）
日用杂品/清洁用品/生活用纸,青蛙王子棉柔巾 婴儿干湿两用棉柔巾儿童洗面巾 100抽*3包,19.9,14.5,京东（员工活动）
日用杂品/清洁用品/生活用纸,斑布(BABO) 本色抽纸 BASE系列2层35抽随身包面巾纸（手帕纸）*12包,29.9,19.9,京东（员工活动）
日用杂品/清洁用品/生活用纸,心相印 DT200 面巾纸抽纸 2层200抽 6包,44.0,41.28,京东（员工活动）
日用杂品/清洁用品/生活用纸,清亮一度商务卫生纸 商用4层大盘纸*6卷大卷纸(整箱销售),49.9,46.81,京东（员工活动）
日用杂品/清洁用品/生活用纸,维达（Vinda）卷纸 蓝色经典130克30卷 4层加厚 卫生纸卷筒纸 纸巾卷纸 整箱,99.0,56.9,京东（员工活动）
日用杂品/清洁用品/生活用纸,维达(Vinda)4069 卷纸 整箱6提(60卷)装 卫生卷筒纸 纸巾 蓝色经典140克4层  ,154.8,145.21,京东（员工活动）
日用杂品/卫浴用品/口腔护理及清洁,狮王（Lion）面包超人儿童牙刷（6-12岁）小巧刷头 颜色随机,15.8,14.83,京东（员工活动）
日用杂品/卫浴用品/口腔护理及清洁,亲享中硬毛男士牙刷 中毛清洁 硬毛去茶渍烟渍成人牙刷4支,18.3,17.17,京东（员工活动）
日用杂品/卫浴用品/口腔护理及清洁,【整包】中华 双钙防蛀 缤纷鲜果味 牙膏 90g * 9支（新老包装随机发货）,24.5,18.99,京东（员工活动）
日用杂品/卫浴用品/口腔护理及清洁,云南白药牙膏益生菌清新净白牙齿清新口气激爽薄荷香型120g,22.6,21.2,京东（员工活动）
日用杂品/卫浴用品/口腔护理及清洁,李施德林（Listerine）漱口水 冰蓝零度口气温和清新口气深层清洁 500ml,30.9,26.9,京东（员工活动）
日用杂品/卫浴用品/口腔护理及清洁,佳洁士3D炫白牙膏5支180g美白牙膏去黄含氟防蛀清新口气共900g,43.9,39.9,京东（员工活动）
日用杂品/卫浴用品/口腔护理及清洁,舒客智感白牙膏(茉莉香型)120g 温和美白 去渍去黄隔离3D智感黑科技,69.9,48.0,京东（员工活动）
日用杂品/卫浴用品/口腔护理及清洁,云南白药牙膏 洁齿护龈套装 清新口气改善口腔问题180g*3（留兰香型）,86.9,81.52,京东（员工活动）
日用杂品/卫浴用品/口腔护理及清洁,青蛙（FROG）柔护系列178B成人牙刷2支装 炭洁软毛深入洁齿舒适刷头（新老包装及颜色随机发货),19.9,7.0,京东（员工活动）
日用杂品/卫浴用品/口腔护理及清洁,京东京造 磨砂亮白牙膏 沙滩莫吉托105g 劲白去渍 清新口气,9.9,9.29,京东（员工活动）
日用杂品/卫浴用品/口腔护理及清洁,三笑牙刷精巧快乐兔快乐小天才儿童牙刷5支装（2岁以上 颜色随机）,10.9,10.23,京东（员工活动）
日用杂品/卫浴用品/口腔护理及清洁,DARLIE好来(原黑人)炭丝深洁（小巧刷头）牙刷2支 细软毛 新旧包装随机,15.9,12.0,京东（员工活动）
日用杂品/卫浴用品/口腔护理及清洁,竹盐牙膏精研卓效减少牙龈出血红肿改善牙龈炎减少牙菌斑170g,17.5,12.9,京东（员工活动）
日用杂品/清洁用品/生活用纸,无染wuro竹浆抽纸家用纸巾实惠装整箱纸抽小号餐巾纸卫生纸32包100抽,79.0,74.11,京东（员工活动）
日用杂品/清洁用品/生活用纸,维达2层2500节*8卷 大卷纸大盘纸 商用商场酒店卫生纸厕纸 整箱销售,125.0,110.0,京东（员工活动）
日用杂品/清洁用品/生活用纸,维达（Vinda）卷纸 3层1608节*12卷 加厚大卷纸大盘纸 商用家用卫生纸 整箱销售,179.0,167.91,京东（员工活动）
日用杂品/卫浴用品/身体护理及清洁,舒肤佳沐浴露 牛奶720g 滋润保湿 男女士通用 香味持久新老包装随机发,29.9,27.9,京东（员工活动）
日用杂品/卫浴用品/身体护理及清洁,舒肤佳抑菌泡沫洗手液 纯白225g+柠檬225g 健康抑菌99.9%泡沫细腻易冲洗,34.9,28.5,京东（员工活动）
日用杂品/卫浴用品/身体护理及清洁,蔻斯汀Kustie 玫瑰花瓣沐浴露380ml 男女士留香沐浴液泡沫细腻丰富滋润保湿,37.9,29.9,京东（员工活动）
日用杂品/卫浴用品/身体护理及清洁,如薇（RNW）清润丝柔护手霜（圣诞夜）50g鳄梨果神经酰胺补水保湿滋润润手霜,39.0,30.0,京东（员工活动）
日用杂品/卫浴用品/身体护理及清洁,多芬丰盈宠肤美肤沐浴乳1000g  柔滑肌肤 留香润肤(新老包装随机),41.9,31.64,京东（员工活动）
日用杂品/卫浴用品/身体护理及清洁,小米 米家 小卫质品泡沫洗手液  米家自动洗手机专用 温和亲肤 植物基配方【洗手机伴侣】,39.9,37.9,京东（员工活动）
日用杂品/卫浴用品/身体护理及清洁,舒肤佳净透啫喱沐浴露 山茶花香540g 疏通毛孔 香味持久 新老包装随机,44.9,39.5,京东（员工活动）
日用杂品/卫浴用品/身体护理及清洁,水之密语弹润紧致沐浴露套装90ml*2,44.0,41.28,京东（员工活动）
日用杂品/卫浴用品/身体护理及清洁,滴露Dettol清爽保湿沐浴露茉莉与绿茶清香950g抑菌男女士通用香味持久,55.9,41.9,京东（员工活动）
日用杂品/卫浴用品/身体护理及清洁,舒肤佳儿童洗沐二合一 奶香500ml 宝宝专用 无泪温和 洗发水沐浴露,49.9,42.9,京东（员工活动）
日用杂品/卫浴用品/身体护理及清洁,强生（Johnson）活力清新儿童洗发沐浴露二合一 儿童洗发水沐浴露  1千克,59.9,39.0,京东（员工活动）
日用杂品/卫浴用品/身体护理及清洁,舒肤佳抑菌洗手液420g*4瓶(纯白*2+柠檬*2)健康抑菌99.9%新老包装随机发,48.0,39.9,京东（员工活动）
日用杂品/卫浴用品/身体护理及清洁,OLAY玉兰油水光沐浴露 白珍珠500ml 香氛香味持久留香 男女士通用  ,49.9,39.9,京东（员工活动）
日用杂品/卫浴用品/身体护理及清洁,六神【肖战同款】菁萃舒缓沐浴露1000ml(修护保湿 缓解皮肤干燥 舒爽),76.9,44.4,京东（员工活动）
日用杂品/卫浴用品/身体护理及清洁,舒肤佳儿童巧虎泡泡沐浴露 淡香小白500ml  宝宝专用无泪温和泡沫丰富,49.0,44.8,京东（员工活动）
日用杂品/卫浴用品/身体护理及清洁,舒肤佳巧虎儿童沐浴露 泡泡500ml 清新小蓝 宝宝沐浴露,49.0,44.8,京东（员工活动）
日用杂品/卫浴用品/身体护理及清洁,蔻斯汀Kustie 日本千岛樱花花瓣沐浴露220ml 男女士留香沐浴液泡沫细腻丰富滋润保湿,24.9,12.82,京东（员工活动）
日用杂品/卫浴用品/身体护理及清洁,蔻斯汀Kustie 草莓果酱沐浴露380ml 男女士持久留香浴液泡沫细腻丰富深层清洁滋润保湿,37.9,18.39,京东（员工活动）
日用杂品/卫浴用品/身体护理及清洁,蓝月亮 芦荟抑菌洗手液 500g瓶+500g瓶补充装  抑菌99.9% 泡沫丰富,23.9,18.8,京东（员工活动）
日用杂品/卫浴用品/身体护理及清洁,多芬舒缓水透沐浴乳730g 玫瑰香 水润肌肤 持久留香(新老包装随机),39.9,25.22,京东（员工活动）
日用杂品/卫浴用品/身体护理及清洁,舒肤佳沐浴露 薰衣草720g 滋润保湿 男女士通用香味持久新老包装随机发,29.9,27.9,京东（员工活动）
日用杂品/卫浴用品/身体护理及清洁,美加净美加净夜间深层滋养润手修护手霜80g 护手霜男女士 保湿滋润,36.9,28.9,京东（员工活动）
日用杂品/卫浴用品/身体护理及清洁,力士(LUX)沐浴露 水滢白桃香 爽肤香氛沐浴乳1000G持久留香,31.9,29.93,京东（员工活动）
日用杂品/卫浴用品/身体护理及清洁,力士LUX爽肤沐浴露闪亮冰爽沐浴乳720g花香凝萃精油清凉薄荷加拿大冰河泥沐浴液720g*1瓶,33.9,31.8,京东（员工活动）
日用杂品/卫浴用品/身体护理及清洁,舒肤佳沐浴露 海盐1kg 滋润保湿 男女士通用 香味持久新老包装随机发,36.9,31.9,京东（员工活动）
日用杂品/卫浴用品/身体护理及清洁,舒肤佳沐浴露 纯白680g送柠檬680g 男女士通用 香味持久新老包装随机发,44.9,37.8,京东（员工活动）
日用杂品/卫浴用品/身体护理及清洁,菲诗小铺(THE FACE SHOP) 浪漫邂逅香氛沐浴露 900ml 男女通用沐浴乳 轻盈润泽 留香持久,49.0,45.97,京东（员工活动）
日用杂品/卫浴用品/身体护理及清洁,如薇（RNW）净澈嫩滑沐浴膏210g身体磨砂膏搓泥宝清洁控油果酸乳酸去角质男女,59.0,48.0,京东（员工活动）
日用杂品/卫浴用品/身体护理及清洁,阿芙AFU三重玫瑰精油香氛沐浴露500ml 提亮肤色 补水保湿滋润 ,55.0,49.0,京东（员工活动）
日用杂品/卫浴用品/身体护理及清洁,和风雨男士沐浴露500g 除螨控油古龙香氛沐浴液淋浴露男女通用,69.9,65.57,京东（员工活动）
日用杂品/卫浴用品/身体护理及清洁,凡士林烟酰胺维他亮肤美白身体乳液200ml 补水保湿润肤留香,30.9,28.99,京东（员工活动）
日用杂品/卫浴用品/身体护理及清洁,六神【艾叶滋润】沐浴露1000ml(沐浴液止痒 香味持久 深层洁净不干燥),41.9,30.9,京东（员工活动）
日用杂品/卫浴用品/身体护理及清洁,舒肤佳抑菌洗手液 420g*3瓶(纯白*2+柠檬)健康抑菌99.9%新老包装随机发,34.9,31.5,京东（员工活动）
日用杂品/卫浴用品/身体护理及清洁,舒肤佳沐浴露 薄荷1kg 滋润保湿 男女士通用 香味持久新老包装随机发,36.9,31.9,京东（员工活动）
日用杂品/卫浴用品/身体护理及清洁,清扬(CLEAR)沐浴露 男士平衡控油 冰凉酷爽型600g C罗黎明觉醒,59.8,34.0,京东（员工活动）
日用杂品/卫浴用品/身体护理及清洁,Miss Lilly 蜜斯莉茉莉香氛花瓣沐浴露520g 天然花瓣 无皂基 氨基酸沐浴乳,49.0,35.0,京东（员工活动）
日用杂品/卫浴用品/身体护理及清洁,医露免洗泡沫洗手液保湿杀菌 免洗手消毒液杀菌率99.999% 400ml/瓶,69.0,37.0,京东（员工活动）
日用杂品/卫浴用品/身体护理及清洁,力士（LUX）植萃精油香氛沐浴露 蓝风铃香与烟酰胺 550g 晶透亮肤 留香男女士,39.9,37.43,京东（员工活动）
日用杂品/卫浴用品/身体护理及清洁,艾诗（Enchanteur）沐浴露 保湿润白嫩滑香氛沐浴乳女 迷惑花香650ml,42.2,37.52,京东（员工活动）
日用杂品/卫浴用品/身体护理及清洁,水之密语沐浴露男女通用 海盐沐浴啫喱 600ml 滋润醒肤清洁沐浴乳,52.0,37.7,京东（员工活动）
日用杂品/卫浴用品/身体护理及清洁,水之密语（AQUAIR）海盐沐浴露 600ml*2 滋润醒肤 沐浴露男女通用,92.0,75.4,京东（员工活动）
日用杂品/卫浴用品/身体护理及清洁,六神【肖战同款】菁萃沐浴露舒缓1L+温润1L+赠280ml(滋润 补水 温和),149.0,112.9,京东（员工活动）
日用杂品/卫浴用品/身体护理及清洁,髮の食谱发之食谱无花果控油蓬松洗发水530ml+护发素280g送50ml*2去油清爽,139.0,113.0,京东（员工活动）
日用杂品/卫浴用品/身体护理及清洁,企业购-舒肤佳沐浴露550ml 新老包装、香型随机,23.0,18.0,京东（员工活动）
日用杂品/清洁用品/生活用纸,清风 抽纸  纸巾 面巾纸 金装系列 3层120抽*8包（新老包装交替发货）,19.9,18.67,京东（员工活动）
日用杂品/清洁用品/生活用纸,洁柔卷纸 粉Face加厚4层135g卫生纸*12卷 亲肤母婴可用 冲水不堵塞,25.9,22.7,京东（员工活动）
日用杂品/清洁用品/生活用纸,洁柔卷纸 油画Face 加厚4层200g卫生纸*10卷 柔韧新触感 冲厕易降解,39.9,28.4,京东（员工活动）
日用杂品/卫浴用品/身体护理及清洁,蔻斯汀Kustie 日本千岛樱花花瓣沐浴露380ml 男女士留香沐浴液泡沫细腻丰富滋润保湿,37.9,29.9,京东（员工活动）
日用杂品/清洁用品/生活用纸,植护植护抽纸 经典蓝抽4层240张*40包亲肤加厚面巾餐巾纸卫生纸箱装,32.9,30.87,京东（员工活动）
日用杂品/清洁用品/生活用纸,斑布Classic系列 高端本色无芯卷纸3层100g*30卷 整箱销售 ,45.9,43.06,京东（员工活动）
日用杂品/卫浴用品/身体护理及清洁,阿道夫控油舒爽男士沐浴露380ml 海盐氨基酸沐浴乳 除螨净爽沐浴液,107.0,49.3,京东（员工活动）
日用杂品/卫浴用品/身体护理及清洁,如薇（RNW）烟酰胺嫩肤沐浴露400g身体沐浴乳液留香提亮美白保湿男女通用,69.0,56.0,京东（员工活动）
日用杂品/卫浴用品/身体护理及清洁,多芬身体磨砂膏乳霜 全身去角质 滋润保湿 石榴籽加乳木果 磨砂乳 搓泥宝 298g,61.9,58.07,京东（员工活动）
日用杂品/卫浴用品/身体护理及清洁,氣味圖書館（SCENT LIBRARY）凉白开香氛沐浴露295ml 温和洁净清爽沐浴液节日生日礼物送男女友,65.0,59.0,京东（员工活动）
日用杂品/卫浴用品/身体护理及清洁,凡士林(Vaseline)3号瓶烟酰胺精华焕亮身体乳250ml 焕亮滋养保湿润肤,99.9,64.9,京东（员工活动）
日用杂品/卫浴用品/身体护理及清洁,威露士 个人清洁 通用型 香柠味免洗洁手液 250ml/瓶 1瓶,79.9,75.9,京东（员工活动）
日用杂品/卫浴用品/身体护理及清洁,植感哲学身体乳 迷迭香薄荷香氛180g  滋润保湿留香 男女士通用,99.0,79.0,京东（员工活动）
日用杂品/清洁用品/生活用纸,维达（Vinda）卷纸 蓝色经典160克27卷 4层加厚 卫生纸卷筒纸 纸巾卷纸 整箱,89.9,66.4,京东（员工活动）
日用杂品/卫浴用品/身体护理及清洁,威露士健康抑菌洗手液(健康呵护)5L 抑菌99.9% 家庭酒店餐厅商用大桶装,71.9,67.45,京东（员工活动）
日用杂品/卫浴用品/身体护理及清洁,舒肤佳沐浴露2.44kg套装 (720g*2+400g*2+200g)男女士通用香味持久留香,75.9,67.8,京东（员工活动）
日用杂品/卫浴用品/口腔护理及清洁,舒客法国天然酵素牙膏(青柠)120g*3 美白牙齿 清新口气 敏感牙龈可用,79.9,69.0,京东（员工活动）
日用杂品/卫浴用品/口腔护理及清洁,TheraBreath（凯斯博士）美牙防蛀 漱口水 （玫红）473ml清新口气 呵护牙釉质,95.0,85.0,京东（员工活动）
日用杂品/卫浴用品/身体护理及清洁,妮维雅(NIVEA)深层滋润手霜80ml（ 滋润保湿 防止干裂 护手霜 ）,11.5,8.25,京东（员工活动）
日用杂品/卫浴用品/身体护理及清洁,美加净（MAXAM）清爽 沐浴露 1000ml（大容量 清爽滋润 天然绿茶成分 花果芬香 ）,21.5,15.6,京东（员工活动）
日用杂品/卫浴用品/身体护理及清洁,强生美肌 恒日水嫩沐浴乳400g（蜜桃香氛 沐浴露）,27.8,19.46,京东（员工活动）
日用杂品/卫浴用品/身体护理及清洁,力士(LUX)沐浴露 闪亮冰爽 沁爽香氛 爽肤香氛沐浴乳750g 留香 香味持久,28.9,27.11,京东（员工活动）
日用杂品/卫浴用品/身体护理及清洁,力士(LUX)沐浴露 紫色幽莲魅肤 馥郁香氛精油沐浴乳 750g 留香 香味持久 男女士,28.9,27.11,京东（员工活动）
日用杂品/卫浴用品/身体护理及清洁,舒肤佳泡沫洗手液 樱花225g+白茶225g 健康抑菌99.9% 泡沫细腻,32.9,27.8,京东（员工活动）
日用杂品/卫浴用品/身体护理及清洁,舒肤佳沐浴露 青瓜720g 滋润保湿 男女士通用 香味持久新老包装随机发,29.9,27.9,京东（员工活动）
日用杂品/卫浴用品/身体护理及清洁,OLAY玉兰油精华沐浴露莹亮透光300g香氛香味持久留香 新老包装随机发,34.9,28.0,京东（员工活动）
日用杂品/卫浴用品/面部护理及清洁,HomeFacialPro氨基酸净润洁面乳120g  HFP洗面奶深层清洁毛孔控油,179.0,134.0,京东（员工活动）
日用杂品/卫浴用品/面部护理及清洁,薇诺娜清透防晒乳套装SPF48+++(50g+15g*2),188.0,176.35,京东（员工活动）
日用杂品/卫浴用品/面部护理及清洁,法兰琳卡（FRANIC）面霜芦荟黄瓜水份霜补水保湿芦荟补水滋润四季可用,61.0,56.55,京东（员工活动）
日用杂品/卫浴用品/面部护理及清洁,花印男士保湿控油赋活霜 80g（控油男 保湿 补水 男士护肤品）,109.0,59.0,京东（员工活动）
日用杂品/卫浴用品/面部护理及清洁,欧莱雅男士水能玻尿酸高保湿锁水强润霜50ml(男士乳液面霜 保湿补水),89.0,83.49,京东（员工活动）
日用杂品/卫浴用品/面部护理及清洁,理肤泉B5修复霜40ml补水保湿舒缓泛红屏障修护维稳乳液面霜护肤品,129.0,84.0,京东（员工活动）
日用杂品/卫浴用品/面部护理及清洁,珂润（Curel）润浸保湿水润乳液120ml 保湿补水乳液 生日礼物送女友,122.0,114.0,京东（员工活动）
日用杂品/卫浴用品/面部护理及清洁,珀莱雅紧致肌密精华霜50g 护肤淡化细纹补水保湿提拉紧致焕颜霜女士,133.0,115.0,京东（员工活动）
日用杂品/卫浴用品/面部护理及清洁,美帕（MEDSPA）蓝胖子洗面奶50ml 氨基酸洁面 清洁卸妆 温和保湿不拔干护肤品,210.0,142.35,京东（员工活动）
日用杂品/卫浴用品/面部护理及清洁,大宝集萃美白防晒露75g防晒霜男女士烟酰胺美白温和水润SPF30+,39.9,17.0,京东（员工活动）
日用杂品/卫浴用品/身体护理及清洁,澳宝香水沐浴露 温和补水沐浴液家庭装900g持续留香 大容量,18.7,7.0,京东（员工活动）
日用杂品/卫浴用品/身体护理及清洁,澳宝水盈百合沐浴露500ml 氨基酸温和洁净香水滋润花香沐浴液,12.37,8.0,京东（员工活动）
日用杂品/卫浴用品/身体护理及清洁,威露士健康抑菌消毒99.9%洗手液(健康呵护)袋装525ml 补充装 抑菌99.9%,12.9,8.9,京东（员工活动）
日用杂品/卫浴用品/身体护理及清洁,蓝月亮 芦荟抑菌洗手液300g/瓶 抑菌99.9% 泡沫丰富易冲洗 抑菌洗手液,11.9,9.9,京东（员工活动）
日用杂品/卫浴用品/身体护理及清洁,澳宝精华沐浴露泡泡浴香氛留香保湿温和泡沫丰富男女网红沐浴乳500ml,15.6,13.2,京东（员工活动）
日用杂品/卫浴用品/身体护理及清洁,六神 菁萃温润沐浴露 180ml（旅行装）,20.9,15.0,京东（员工活动）
日用杂品/卫浴用品/身体护理及清洁,威露士橙花精油沐浴露300ml 甘油保湿 清洁美肤 滋润柔肤 男女通用,35.9,19.9,京东（员工活动）
日用杂品/卫浴用品/身体护理及清洁,如薇（RNW）莹嫩柔肤护手霜（左岸）50g山茶籽油烟酰胺提亮保湿护理润手霜,39.0,30.0,京东（员工活动）
日用杂品/卫浴用品/身体护理及清洁,宣琪(海洋+桃花+茶树)搓泥浴宝沐浴露套装200ml*3,45.0,31.08,京东（员工活动）
日用杂品/卫浴用品/身体护理及清洁,多芬清爽水透美肤沐浴乳1000g 醒活肌肤 留香润肤(新老包装随机),41.9,31.64,京东（员工活动）
日用杂品/卫浴用品/面部护理及清洁,大宝SOD蜜100ml身体乳液面霜润肤补水保湿霜男女士护肤品,13.9,10.0,京东（员工活动）
日用杂品/卫浴用品/面部护理及清洁,上海女人 夜来香精油水润滋养雪花膏80g（乳液面霜 护手霜 身体乳）,15.9,13.9,京东（员工活动）
日用杂品/卫浴用品/面部护理及清洁,曼秀雷敦（Mentholatum）日夜修护润唇膏女男补水保湿滋润防干裂 薄荷唇膏3.5g+啫喱8g,31.9,27.12,京东（员工活动）
日用杂品/卫浴用品/面部护理及清洁,珊珂洗面奶男女适用蚕丝洁面乳保湿温和洁面泡沫慕斯150ml,62.0,40.0,京东（员工活动）
日用杂品/卫浴用品/面部护理及清洁,如薇（RNW）美白防晒喷雾120mlSPF50PA+++清爽不油腻男女军训全身紫外线妆后,59.0,48.0,京东（员工活动）
日用杂品/卫浴用品/面部护理及清洁,雅漾（Avene）滋润洁肤皂100g 温和清洁 滋养呵护敏感肌肤 洁面皂香皂洗面奶,88.0,60.0,京东（员工活动）
日用杂品/卫浴用品/面部护理及清洁,春夏轻盈倍护防晒乳隔离防晒霜女SPF50+PA+++50g轻薄不假白,99.0,71.28,京东（员工活动）
日用杂品/卫浴用品/面部护理及清洁,同仁堂美白祛斑霜 雀斑黄褐斑妊娠斑晒斑老年斑祛斑产品保湿补水护肤素颜面霜精华套装 一瓶装30g,99.0,92.87,京东（员工活动）
日用杂品/卫浴用品/面部护理及清洁,cemoy澳诗茉 白月光防晒隔离乳霜50ml 美白提亮 防水防汗 护肤品礼物,139.0,130.39,京东（员工活动）
日用杂品/卫浴用品/面部护理及清洁,谷雨轻盈透亮防晒霜50ml SPF50+ 轻薄无感持久防护全天不怕晒,149.0,137.0,京东（员工活动）
日用杂品/卫浴用品/面部护理及清洁,大宝美容日霜50g补水保湿面霜男女士润肤改善粗糙,21.9,17.0,京东（员工活动）
日用杂品/卫浴用品/面部护理及清洁,葆丽匙氨基酸身体磨砂膏350g 沐浴盐去角质鸡皮肤搓泥宝黑莓月桂叶香型,22.0,17.6,京东（员工活动）
日用杂品/卫浴用品/面部护理及清洁,曼秀雷敦（Mentholatum）修护润唇膏女男补水保湿滋润防干裂唇膜淡化唇纹 高保湿薄荷4.5g,29.5,27.68,京东（员工活动）
日用杂品/卫浴用品/面部护理及清洁,花印备长炭控油洁面乳120g(深层清洁 洗面奶男女士 控油),59.0,30.0,京东（员工活动）
日用杂品/卫浴用品/面部护理及清洁,高夫经典保湿润肤露（中性-油性）125ml控油补水男士面霜护肤品送男友,88.0,35.0,京东（员工活动）
日用杂品/卫浴用品/面部护理及清洁,珊珂滋润泡沫洁面膏洗颜专科洗面奶男女清洁保湿120g 含蚕丝胶原蛋白,52.0,37.05,京东（员工活动）
日用杂品/卫浴用品/面部护理及清洁,水密码防晒50g水感美白防晒露SPF42 PA++隔离女面部保湿二合一,59.0,49.0,京东（员工活动）
日用杂品/卫浴用品/面部护理及清洁,美康粉黛清爽防晒霜spf50+隔离紫外线水润保湿轻薄  防晒*1+紫色隔离*1,59.0,49.0,京东（员工活动）
日用杂品/卫浴用品/面部护理及清洁,春夏水感清透防晒凝露SPF30PA+++50g(不泛白不油腻清爽隔离乳),69.0,49.0,京东（员工活动）
日用杂品/卫浴用品/面部护理及清洁,莎娜（SANA）日本豆乳美肌凝胶面霜女六合一日霜6in1高保湿懒人高效护肤100g,98.0,68.6,京东（员工活动）
日用杂品/卫浴用品/面部护理及清洁,欧莱雅葡萄籽强韧修护乳液110ml补水保湿提亮生日表白礼物送女友,149.0,139.77,京东（员工活动）
日用杂品/卫浴用品/面部护理及清洁,羽西羽西灵芝洁面125ml 氨基酸洁面 温和清洁 洗面奶女护肤品生日礼物,180.0,144.0,京东（员工活动）
日用杂品/卫浴用品/面部护理及清洁,谷雨光感美白修护精华霜50g 补水保湿滋润祛斑提亮美白奶罐,209.0,185.0,京东（员工活动）
日用杂品/卫浴用品/面部护理及清洁,隆力奇男士蛇胆SOD蜜90ml补水保湿滋润乳液面霜,11.8,6.6,京东（员工活动）
日用杂品/卫浴用品/面部护理及清洁,大宝清爽保湿洗面奶100g洁面乳男女士控油保湿补水紧致肌肤,14.9,9.0,京东（员工活动）
日用杂品/卫浴用品/面部护理及清洁,采乐洗面奶清洁保湿洁面乳烟酰胺平衡补水洁面泡沫150ml,19.8,15.4,京东（员工活动）
日用杂品/卫浴用品/面部护理及清洁,花印水漾洁净洗面奶150g（洁面 补水保湿 温和洁净 氨基酸洗面奶）,49.0,30.0,京东（员工活动）
日用杂品/卫浴用品/面部护理及清洁,李医生温和控油补水收缩毛孔清透洗面奶深层清洁肌肤男女士洁面乳150g,39.9,35.0,京东（员工活动）
日用杂品/卫浴用品/面部护理及清洁,左颜右色男士护肤水感亮透素颜霜护肤品50g面霜乳液补水保湿遮瑕隔离BB霜,79.9,40.0,京东（员工活动）
日用杂品/卫浴用品/面部护理及清洁,透蜜轻透防晒喷雾SPF35 PA+++隔离防晒霜身体乳液男女士通用 100ml*2,79.9,54.0,京东（员工活动）
日用杂品/卫浴用品/面部护理及清洁,赤野男士护肤面霜润肤乳保湿霜男擦抹脸油控油细致毛孔补水滋润保湿乳液男护脸霜男士面部护肤品,59.0,55.35,京东（员工活动）
日用杂品/卫浴用品/面部护理及清洁,曼秀雷敦（Mentholatum）新碧水感防晒喷雾150ml 清爽晒后修复隔离紫外线出游户外防晒霜,119.9,88.1,京东（员工活动）
日用杂品/卫浴用品/面部护理及清洁,珀莱雅紧致肌密精华乳120ml 护肤淡化细纹补水保湿提拉紧致焕颜乳女士,133.0,115.0,京东（员工活动）
日用杂品/卫浴用品/面部护理及清洁,欧莱雅小金管外御内护30ml SPF50+PA++++防晒隔离霜防晒乳生日礼物,159.0,149.15,京东（员工活动）
日用杂品/卫浴用品/面部护理及清洁,理然 哑光净油面霜补水凝露50g*2瓶 男士护肤品去油清爽水乳面霜,159.9,149.99,京东（员工活动）
日用杂品/卫浴用品/面部护理及清洁,芙丽芳丝乳液柔润型freeplus保湿补水男士女100ml,185.0,172.5,京东（员工活动）
日用杂品/卫浴用品/身体护理及清洁,蔻斯汀樱花丝滑身体乳240ml长久留香保湿烟酰胺润肤乳女滋润全身补水,59.9,44.9,京东（员工活动）
日用杂品/卫浴用品/身体护理及清洁,左颜右色清肌除螨男士沐浴露400ml 背部净痘去螨虫止痒沐浴液控油净肤留香,69.9,64.0,京东（员工活动）
日用杂品/卫浴用品/身体护理及清洁,尊蓝男士海洋香水沐浴露500g（香味持久留香控油氨基酸沐浴液）,69.9,65.57,京东（员工活动）
日用杂品/卫浴用品/身体护理及清洁,可悠然沐浴露香味持久奢宠美肌香水沐浴乳 宁澄馨香400ml,88.0,79.0,京东（员工活动）
日用杂品/卫浴用品/身体护理及清洁,舒肤佳净透泡沫沐浴露 红石榴400g+茶树400g 香味持久新老包装随机发,69.9,62.9,京东（员工活动）
日用杂品/卫浴用品/身体护理及清洁,可悠然沐浴露大黄瓶香味持久美肌香氛男女通用沐浴液套装1L+1L ,184.0,146.0,京东（员工活动）
日用杂品/卫浴用品/面部护理及清洁,荷诺益生菌氨基酸洗面奶120g温和控油洁面乳清洁毛孔男女敏感肌护肤品,79.0,55.0,京东（员工活动）
日用杂品/卫浴用品/面部护理及清洁,百雀羚 小蜜蜂 草本多效修护防晒喷雾SPF50+PA+++150ML,119.0,59.0,京东（员工活动）
日用杂品/卫浴用品/面部护理及清洁,百雀羚三生花  洗面奶 洁面乳 玲珑玉润清肌洁容膏90g（洁净控油 温和保湿）男女适用,69.0,64.73,京东（员工活动）
日用杂品/卫浴用品/面部护理及清洁,丸美洗面奶 凝采丝滑洁面乳120g(温和保湿 肌肤深层清洁 卸妆）,89.0,78.0,京东（员工活动）
日用杂品/卫浴用品/面部护理及清洁,玉兰油（OLAY）氨基酸洗面奶女洁面乳125g护肤品深层清洁保湿补水控油平衡温和,99.0,89.0,京东（员工活动）
日用杂品/卫浴用品/面部护理及清洁,纽西之谜沁润水感防晒隔离霜35ml 高倍防护轻薄贴妆 SPF50PA++++,99.0,92.87,京东（员工活动）
日用杂品/卫浴用品/面部护理及清洁,百雀羚洗面奶  水能量焕采洁容膏80g(清洁肌肤，水嫩剔透),99.0,92.87,京东（员工活动）
日用杂品/卫浴用品/面部护理及清洁,AOEO 山茶花氨基酸洗面奶100g*2 敏感肌护肤品清洁毛孔补水保湿洁面乳,178.0,108.0,京东（员工活动）
日用杂品/卫浴用品/身体护理及清洁,隆力奇蛇胆精华祛痘舒缓沐浴露保湿男士女持久留香水香氛,99.0,88.0,京东（员工活动）
日用杂品/清洁用品/生活用纸,五月花（May Flower）抽纸 妇婴3层150抽*3包 软抽面巾纸 细致柔韧（中规格）,12.9,10.8,京东（员工活动）
日用杂品/卫浴用品/身体护理及清洁,舒肤佳抑菌洗手液 芦荟柔肤450g 健康抑菌99.9% 温和 新老包装随机发,16.9,14.0,京东（员工活动）
日用杂品/卫浴用品/身体护理及清洁,舒肤佳沐浴露 薰衣草400g男女通用 香味持久留香滋润保湿 新老包装随机,17.9,16.8,京东（员工活动）
日用杂品/卫浴用品/身体护理及清洁,凡士林(Vaseline)护甲润手霜 倍护50ml（新老包装随机发货）,19.0,17.83,京东（员工活动）
日用杂品/卫浴用品/身体护理及清洁,葆丽匙(BOLS) 沐浴露男女 氨基酸沐浴乳沐浴液搓泥宝 香水香氛控油清爽500ml,24.9,22.0,京东（员工活动）
日用杂品/卫浴用品/身体护理及清洁,舒肤佳沐浴露 樱花720g 健康清爽男女士通用 香味持久新老包装随机发,29.9,26.8,京东（员工活动）
日用杂品/卫浴用品/身体护理及清洁,舒肤佳男士沐浴露海盐720g滋润保湿 男女士通用香味持久新老包装随机发,29.9,27.9,京东（员工活动）
日用杂品/卫浴用品/身体护理及清洁,OLAY玉兰油香氛沐浴露 樱花300g+茉莉300g 香味持久 男女士通用,49.9,46.8,京东（员工活动）
日用杂品/卫浴用品/身体护理及清洁,启初 婴儿沐浴露洗发水二合一   感官系列好奇宝宝香型580ml大包装,71.0,55.16,京东（员工活动）
日用杂品/清洁用品/生活用纸,舒洁（Kleenex）卫生纸 绿茶洋甘菊印花清香3层卷纸 厕纸10粒装,36.9,34.62,京东（员工活动）
日用杂品/清洁用品/生活用纸,维达（Vinda）湿巾湿纸巾 儿童湿巾8片*24包迷你湿巾小包便携无刺激杀菌率99.9%,39.9,37.0,京东（员工活动）
日用杂品/清洁用品/生活用纸,植护植护X京东PLUS会员联名款 乳霜纸整箱3层*108抽*12包保湿面巾纸,59.9,39.9,京东（员工活动）
日用杂品/清洁用品/生活用纸,心相印抽纸/厨房用纸【肖战推荐】70抽*12包纸巾食品接触级（整箱销售）,51.9,44.5,京东（员工活动）
日用杂品/清洁用品/生活用纸,洁柔卷纸 黑Face 加厚4层200g卫生纸*20卷 环保易降解不堵塞马桶,58.9,55.25,京东（员工活动）
日用杂品/清洁用品/生活用纸,霏羽大卷纸压花纸巾12卷4层厕纸珍宝酒店公共商务卷筒纸卫生纸大盘纸 手纸厕所用纸 ZB009,75.9,70.7,京东（员工活动）
日用杂品/清洁用品/生活用纸,竹妃 zofee 竹浆纸巾本色抽纸 卫生纸面巾纸 母婴餐巾纸 3层100抽36包,93.0,87.0,京东（员工活动）
日用杂品/清洁用品/生活用纸,babycare婴儿手口湿巾新生儿湿纸巾带盖 成人可用 3150绿盖湿巾 80抽-10包,128.0,94.6,京东（员工活动）
日用杂品/清洁用品/生活用纸,五月花（May Flower）抽纸 妇婴3层130抽*6包软抽 柔软亲肤母婴可用纸 （小规格）,18.8,12.8,京东（员工活动）
日用杂品/清洁用品/生活用纸,心相印湿巾 超迷你湿厕纸便携装 7片*8包 新老包装随机发,15.9,12.9,京东（员工活动）
日用杂品/清洁用品/生活用纸,洁柔湿巾BabyFace婴儿湿巾 亲肤80片装（抽取式 婴儿专用湿纸巾）,15.99,12.2,京东（员工活动）
日用杂品/清洁用品/生活用纸,竹π 心相印竹派纸巾本色软抽纸6包装130抽3层本色抽纸餐巾纸母婴可用,20.9,15.0,京东（员工活动）
日用杂品/清洁用品/生活用纸,心相印卷纸 心柔系列 140g*10卷 4层（卫生纸巾 厕纸 易降解 ）,19.9,18.67,京东（员工活动）
日用杂品/清洁用品/生活用纸,洁柔抽纸 BabyLotion柔润3层100抽面巾纸*12包 乳霜纸保湿纸 丝般柔滑,87.9,76.4,京东（员工活动）
日用杂品/清洁用品/生活用纸,洁柔卷纸 200克加厚4层卫生纸*27卷  黑Face直接冲入马桶不堵塞,99.9,79.0,京东（员工活动）
日用杂品/清洁用品/生活用纸,【整箱】洁柔 抽纸 粉Face系列 百花香味 3层*120抽*6包装*8提 PR073-06,135.5,104.0,京东（员工活动）
日用杂品/清洁用品/衣服护理及清洁,绿伞衣领净500g*2瓶领洁净领必净衣领袖口免搓洗清洁剂预涂助洗剂,23.8,19.9,京东（员工活动）
日用杂品/清洁用品/衣服护理及清洁,立白全效馨香洗衣液 手洗机洗 持久留香 护衣洁净去味含补充装 5kg,59.9,49.9,京东（员工活动）
日用杂品/清洁用品/衣服护理及清洁,好孩子（gb）婴儿洗衣液 桃叶净护洗衣液2L 去渍去污家庭清洁 ,38.0,27.0,京东（员工活动）
日用杂品/清洁用品/衣服护理及清洁,蓝月亮柔顺剂衣物护理剂 温和亲肤防静电 持久留香500g*4（薰衣草香）,51.6,31.5,京东（员工活动）
日用杂品/清洁用品/生活用纸,蓝漂XPLUS会员联名款75%酒精湿巾杀菌湿纸巾酒精棉片80片*3包,29.9,19.9,京东（员工活动）
日用杂品/清洁用品/生活用纸,清风卷纸 原木纯品240段12卷 柔韧升级 卫生纸卷筒纸 纸巾卷纸,22.9,21.49,京东（员工活动）
日用杂品/清洁用品/生活用纸,唯依美 擦手纸150抽10包檫手纸原木浆酒店卫生间干手纸加厚抹手纸厨房用纸抽纸卫生纸巾 VS6211,47.9,44.94,京东（员工活动）
日用杂品/清洁用品/生活用纸,斑布(BABO) 本色卫卷纸  BASE系列 3层200g有芯卷纸*10卷,65.89,45.0,京东（员工活动）
日用杂品/清洁用品/生活用纸,洁云抽纸 绒触感3层130抽软抽面巾纸-24包装 柔韧亲肤,59.9,52.0,京东（员工活动）
日用杂品/清洁用品/生活用纸,蓝漂XPLUS会员联名款  无芯卷纸 6层150克*21卷共3.15kg扁卷纸,41.9,39.31,京东（员工活动）
日用杂品/清洁用品/生活用纸,维达（Vinda）X京东PLUS会员联名款 超韧抽纸S码3层120抽*30包 纸巾 整箱销售,74.9,64.9,京东（员工活动）
日用杂品/清洁用品/生活用纸,唯依美擦手纸巾120抽20包酒店卫生间商用厨房吸油吸水卫生抽纸VS6216,73.9,69.32,京东（员工活动）
日用杂品/清洁用品/生活用纸,【整箱】清风  有芯卷纸  原木金装系列  4层160克*10卷*6提  B20A6JN （新老包装交替发货）,140.4,119.0,京东（员工活动）
日用杂品/清洁用品/生活用纸,LEEME.ME粒米75%酒精湿巾 杀菌消毒湿纸巾 酒精棉片独立包装1枚入*30片/盒,11.9,10.4,京东（员工活动）
日用杂品/清洁用品/衣服护理及清洁,花木星球花木星球天然香氛洗衣液深层洁净 樱花+玫瑰精油柔亮护色 1.9kg,64.9,31.9,京东（员工活动）
日用杂品/清洁用品/衣服护理及清洁,卫新心心香水洗衣凝珠薰衣草90粒（30*3盒） 抑菌除螨 深层洁净,61.9,40.0,京东（员工活动）
日用杂品/清洁用品/衣服护理及清洁,金纺衣物柔顺剂护理剂香软防静电元气粉樱4KG（柔软蓬松 24小时留香）,49.9,46.81,京东（员工活动）
日用杂品/清洁用品/衣服护理及清洁,CHANTECLAIR大公鸡管家 马赛洗衣液 液态洗衣皂(经典香型)  1500ml,69.0,59.0,京东（员工活动）
日用杂品/清洁用品/衣服护理及清洁,金纺精油花漾香氛柔顺剂2.3L套装（玫瑰+薰衣草）用量省半留香更久,74.9,70.26,京东（员工活动）
日用杂品/清洁用品/衣服护理及清洁,超能植沐悦色洗衣液3.38*2瓶 绿色风铃草香 植物氨基酸 防串色 无磷,79.9,74.95,京东（员工活动）
日用杂品/清洁用品/衣服护理及清洁,保宁B&B洗衣液婴幼儿新生儿宝宝可手洗洗衣液衣物清洁1500ml桶装,77.0,56.3,京东（员工活动）
日用杂品/清洁用品/衣服护理及清洁,小林制药（KOBAYASHI）洁内宝女性内衣内裤清洗剂生理期专用去血渍去污清洁洗涤剂洗衣液300ml,69.0,57.0,京东（员工活动）
日用杂品/清洁用品/衣服护理及清洁,超能植沐悦色洗衣液2.38kg*2瓶 绿色风铃草香 植物氨基酸 防串色,65.9,59.9,京东（员工活动）
日用杂品/清洁用品/衣服护理及清洁,露安适（Lelch）婴儿洗衣液 儿童洗衣液  全家可用 衣物纤维爽身洗衣液 2000ml,98.0,67.33,京东（员工活动）
日用杂品/清洁用品/衣服护理及清洁,京东京造 护色亮彩洗衣液12斤（3kg*2）99.9%抑菌除螨 天然酵素 ,79.9,69.8,京东（员工活动）
日用杂品/清洁用品/衣服护理及清洁,蓝月亮 洗衣液袋装亮白增艳薰衣草香500g*12 补充装,89.9,69.9,京东（员工活动）
日用杂品/清洁用品/衣服护理及清洁,蓝月亮 亮白洗衣液 薰衣草香 2kg瓶*2+800g袋装*2 强效去污 护衣护色,89.9,75.0,京东（员工活动）
日用杂品/清洁用品/衣服护理及清洁,蓝月亮除菌去味洗衣液 除菌99.9%  橙花香 去霉味阴干味 2kg瓶+500g*4袋,94.9,86.6,京东（员工活动）
日用杂品/清洁用品/衣服护理及清洁,碧浪 Ariel 洗衣液强去渍除菌抑菌自然清新香16斤（机洗2KG*4瓶）,129.9,94.0,京东（员工活动）
日用杂品/清洁用品/衣服护理及清洁,蓝月亮除菌去味洗衣液 除菌99.9% 橙花香 去霉味阴干味 3kg瓶+1kg袋*3,129.9,112.0,京东（员工活动）
日用杂品/清洁用品/衣服护理及清洁,蓝月亮除菌去味洗衣液500g补充装 除菌99.9% 橙花香味 去霉味防阴干味,12.9,12.11,京东（员工活动）
日用杂品/清洁用品/衣服护理及清洁,蓝月亮 深层洁净护理洗衣液袋装1kg（自然清香）补充装,14.8,13.5,京东（员工活动）
日用杂品/清洁用品/衣服护理及清洁,奥妙 深层洁净洗衣液 1kg 浓缩天然酵素 薰衣草持久留香 家庭机洗手洗,14.9,13.98,京东（员工活动）
日用杂品/清洁用品/衣服护理及清洁,青蛙王子 婴儿洗衣液 儿童洗衣液 宝宝洗衣液 草本多效洗衣液 促销装5斤,34.9,23.09,京东（员工活动）
日用杂品/清洁用品/衣服护理及清洁,蓝月亮 手洗内衣洗衣液 温和易漂小瓶 预涂手洗双用 500g/瓶(风清白兰),16.8,13.2,京东（员工活动）
日用杂品/清洁用品/衣服护理及清洁,卫新心心香水洗衣凝珠薰衣草30粒抑菌除螨 深层洁净持久留香20天,29.9,15.0,京东（员工活动）
日用杂品/清洁用品/生活用纸,洁柔手帕纸 黑Face4层面巾纸30包 擦汗不掉纸屑 超mini便携加量装,11.9,9.5,京东（员工活动）
日用杂品/清洁用品/生活用纸,舒洁（Kleenex）卫生纸 柔韧纯白 3层卷纸 厕纸10粒装,29.9,28.05,京东（员工活动）
日用杂品/清洁用品/生活用纸,可心柔（COROU）V9婴儿纸巾新生儿保湿纸巾抽纸儿童面巾纸120抽5包云柔巾乳霜纸,35.9,29.9,京东（员工活动）
日用杂品/清洁用品/生活用纸,洁柔抽纸 Lotion乳霜纸柔润3层100抽面巾纸*6包 婴儿敏感肌鼻敏感适用,44.9,37.9,京东（员工活动）
日用杂品/清洁用品/生活用纸,蓝漂XPLUS会员联名款 高端4D压花抽纸大码面巾纸 4层100抽*16包,45.9,39.5,京东（员工活动）
日用杂品/清洁用品/生活用纸,百年修医生  心相印抽纸家用实惠装整箱餐巾卫生纸心心相印抽纸纸巾24包/箱  4箱起售,65.0,60.97,京东（员工活动）
日用杂品/清洁用品/生活用纸,清风卷纸 原木金装200克27卷 4层加厚 卫生纸卷筒纸 纸巾卷纸 整箱,89.9,69.9,京东（员工活动）
日用杂品/清洁用品/生活用纸,七鲜柔润保湿面巾纸120抽*3包,9.9,9.29,京东（员工活动）
日用杂品/卫浴用品/身体护理及清洁,OLAY玉兰油滋润身体乳套装 250ml(清爽版+滋润版) 保湿 新老包装随机,94.9,89.02,京东（员工活动）
日用杂品/清洁用品/生活用纸,维达（Vinda）手帕纸 超韧4层8张36包 湿水不易破 纸巾加厚 便携纸巾小包卫生纸,19.6,18.39,京东（员工活动）
日用杂品/清洁用品/生活用纸,史达立 75%酒精湿纸巾单片独立便携装100片 消毒湿巾学生办公酒精湿巾纸,26.9,19.9,京东（员工活动）
日用杂品/清洁用品/生活用纸,清风无芯卷纸 马蹄莲140克10卷 卫生纸卷纸 纸巾卷纸 新老品交替发,24.9,21.9,京东（员工活动）
日用杂品/清洁用品/生活用纸,维达（Vinda）卷纸 棉韧130节30卷 亲肤无刺激 卫生纸卷筒纸 纸巾卷纸 整箱,75.0,47.4,京东（员工活动）
日用杂品/清洁用品/生活用纸,全棉时代 婴儿湿巾新生儿湿纸巾100%纯棉可入口湿巾纸小包便携装20片*10包,53.9,50.8,京东（员工活动）
日用杂品/清洁用品/生活用纸,十月结晶 婴儿软抽纸10包*100抽宝宝专用柔润纸面巾柔纸巾手口专用乳霜纸,76.9,54.3,京东（员工活动）
日用杂品/清洁用品/生活用纸,洁柔抽纸 3层120抽面巾纸*24包 黑Face M号 干湿两用 替代毛巾,89.9,71.3,京东（员工活动）
日用杂品/清洁用品/生活用纸,霏羽擦手纸150抽20包3折干手纸抹手纸抽取式纸巾卫生间手纸洗手间酒店厨房吸油用纸CS006,96.9,88.7,京东（员工活动）
日用杂品/清洁用品/生活用纸,洁柔卷纸  粉Face 4层2700克卫生纸（加量装共20卷）冲水速溶,36.9,34.62,京东（员工活动）
日用杂品/清洁用品/生活用纸,心相印无芯卷纸【肖战同款】云感柔肤12卷*117克 4层卫生纸巾,18.9,17.73,京东（员工活动）
日用杂品/清洁用品/生活用纸,洁柔抽纸Lotion乳霜纸3层30抽面巾纸*10包（高端婴儿纸 敏感肌适用）,24.9,19.3,京东（员工活动）
日用杂品/清洁用品/生活用纸,小浣熊 婴儿湿巾 手口湿巾 宝宝湿纸巾 儿童湿用抽纸擦脸巾80抽5包,29.0,25.1,京东（员工活动）
日用杂品/清洁用品/生活用纸,洁丽雅（Grace）一次性洗脸毛巾 棉柔巾居家差旅洁面巾干湿两用擦脸巾100抽*3包,35.9,32.0,京东（员工活动）
日用杂品/清洁用品/生活用纸,洁云绒触感330张3层软抽面巾纸20包 S码(110抽）整箱（新老随机发）,42.9,39.9,京东（员工活动）
日用杂品/清洁用品/生活用纸,清风  抽纸  纸巾 面巾纸 原木金装 3层130抽*16包 整箱销售 ,44.9,39.9,京东（员工活动）
日用杂品/清洁用品/生活用纸,蓝月亮 抽纸 金尊抽纸 133MM*180MM*300张*18包 LJR027AW,53.0,49.72,京东（员工活动）
日用杂品/清洁用品/生活用纸,妮飘（Nepia）柔滑羢品系列抽取式面巾纸餐巾纸母婴可用中规格M码3层130抽*24包,87.89,59.9,京东（员工活动）
日用杂品/清洁用品/生活用纸,多康Tork 卫生纸 3层*60卷 精美压花家用商用有芯小卷纸 酒店卫生间卷筒纸巾（整袋销售）新旧版随机发货,108.5,101.78,京东（员工活动）
日用杂品/清洁用品/生活用纸,维达卷纸2层2500节*12卷大卷纸大盘纸 商用商场酒店卫生纸 整箱销售,170.0,159.46,京东（员工活动）
日用杂品/清洁用品/生活用纸,她研社（Herlab ）奶滑小方乳霜纸 抽纸 超柔面巾纸洗脸巾鼻炎专用纸6层20片,10.9,4.9,京东（员工活动）
日用杂品/清洁用品/生活用纸,苏菲sofy 超熟睡安心裤超薄夜用M码适用臀围80-95cm2片 新老款随机发,8.9,6.57,京东（员工活动）
日用杂品/清洁用品/生活用纸,心相印抽纸【肖战同款】茶语丝享 真M码3层120抽*8包 纸巾（新旧交替）,19.8,18.58,京东（员工活动）
日用杂品/清洁用品/生活用纸,苏菲sofy 超熟睡安心裤超薄夜用XL码适用臀围90-115cm2片新老款随机发,12.9,6.87,京东（员工活动）
日用杂品/清洁用品/生活用纸,心相印湿巾 女性超迷你湿厕纸 便携装 掌心包 7片*8包 新老包装随机发,15.9,12.7,京东（员工活动）
日用杂品/清洁用品/生活用纸,妮飘（Nepia）炫酷经典黑郁系列抽纸无香型软抽面巾纸餐巾纸 家用3层120抽*6包,17.49,13.0,京东（员工活动）
日用杂品/清洁用品/生活用纸,清风无芯卷纸 马蹄莲83克12卷 卫生纸卷纸 纸巾卷纸 新老品交替发,15.9,14.9,京东（员工活动）
日用杂品/清洁用品/生活用纸,心相印抽纸【肖战同款】茶语丝享系列3层130抽*6包纸巾 （新旧交替）,16.9,15.0,京东（员工活动）
日用杂品/清洁用品/生活用纸,维达（Vinda）手帕纸 超韧4层5张18包 航天IP款 湿水不易破 纸巾加厚 纸巾小包,10.9,8.8,京东（员工活动）
日用杂品/清洁用品/生活用纸,舒洁（Kleenex）卫生纸 绿茶洋甘菊印花清香3层卷纸 厕纸50粒 超值家庭装,179.0,167.91,京东（员工活动）
日用杂品/清洁用品/生活用纸,可心柔（COROU）V9婴儿纸巾抽纸3层120抽16包面巾纸抽保湿纸乳霜纸云柔巾新生儿,129.0,99.0,京东（员工活动）
日用杂品/清洁用品/生活用纸,心相印擦手纸抽取式纸巾20包200抽酒店商用抹手纸干手纸抹手纸CS005,139.9,131.23,京东（员工活动）
日用杂品/清洁用品/生活用纸,斑布BASE系列 3层100抽3包抽纸面巾纸（本色抽纸 竹纤维无漂白）,9.9,9.29,京东（员工活动）
劳保 安防 消防/头部防护用品及配件/普通工作帽,CACUSSPM103帽子男女渔夫帽棉质遮阳防晒帽刺绣户外太阳帽盆帽 黑色中号,89.0,77.0,京东（员工活动）
日用杂品/家居用品/其他家居用品,蕉下太阳伞雨伞户外防晒遮阳伞防紫外线折叠伞晴雨两用迷你口袋系列五折伞 乐颜,219.0,148.0,京东（员工活动）
日用杂品/家居用品/其他家居用品,蕉下 太阳伞防紫外线雨伞防晒伞折叠晴雨伞47cm*6骨迷你口袋碎花系列五折遮阳伞 紫雨（附链条包）,219.0,168.0,京东（员工活动）
日用杂品/家居用品/其他家居用品,蕉下 双层小黑伞系列三折伞大花B太阳伞防紫外线防晒折叠晴雨伞遮阳伞 岚陌,219.0,169.0,京东（员工活动）
日用杂品/家居用品/其他家居用品,蕉下太阳伞防紫外线雨伞双层遮阳防晒伞折叠晴雨伞乐玩系列 一口夏日【双层三折伞】,219.0,178.0,京东（员工活动）
日用杂品/家居用品/其他家居用品,天堂伞 加大加固64cm*10骨三折晴雨商务伞3311E碰兰灰色,39.9,35.5,京东（员工活动）
日用杂品/家居用品/其他家居用品,C'mon 长脖子鸭黑胶三折伞 雨伞遮阳伞防晒伞晴雨伞太阳伞女防紫外线,49.9,40.4,京东（员工活动）
日用杂品/家居用品/其他家居用品,C'mon 24骨直杆伞雨伞长柄伞双人大号商务防风伞男女户外超大雨伞 黑色,49.9,43.9,京东（员工活动）
日用杂品/家居用品/其他家居用品,蕉下太阳伞户外防晒遮阳伞女防紫外线折叠晴雨伞 口袋五折伞 静谧蓝,199.0,128.0,京东（员工活动）
日用杂品/家居用品/其他家居用品,蕉下太阳伞户外防晒遮阳伞女防紫外线折叠晴雨伞 双层三折小黑伞 桃捻,299.0,139.0,京东（员工活动）
日用杂品/家居用品/其他家居用品,蕉下 太阳伞防晒防紫外线女 晴雨伞两用小巧便携五折胶囊遮阳伞 菘蓝绿色,199.0,148.0,京东（员工活动）
日用杂品/家居用品/其他家居用品,蕉下 太阳伞防紫外线雨伞遮阳防晒伞折叠晴雨伞迷你便携伞果趣系列 拾榴（单层五折伞）,199.0,149.0,京东（员工活动）
劳保 安防 消防/劳动保护/口罩,icree 防护口罩 三层防护 独立包装 莫兰迪色 成人 30只 防尘透气-莫兰迪混色,69.0,63.48,京东（员工活动）
日用杂品/卫浴用品/口腔护理及清洁,牙博士儿童牙膏牙刷6-12岁含氟防蛀固齿 (牙膏香橙味50g+1支牙刷软毛),10.5,5.0,京东（员工活动）
日用杂品/卫浴用品/口腔护理及清洁,严迪（YANDY）2-6-12岁乳牙宝 儿童牙膏60g（无氟 木糖醇防蛀 宝宝牙膏  甜橙味 安全放心）,15.9,9.0,京东（员工活动）
日用杂品/卫浴用品/口腔护理及清洁,片仔癀牙火清牙膏健康护龈清新口气改善异味缓解口腔上火 臻选留兰香75g,15.9,13.64,京东（员工活动）
日用杂品/卫浴用品/口腔护理及清洁,片仔癀牙膏瓷光白牙膏美白清新口气缓解口腔红肿上火牙膏 栀子留兰105g,19.9,14.97,京东（员工活动）
日用杂品/家居用品/毛巾浴巾,金号毛巾纯棉提缎面巾4120 单条装 80*34cm 100g/条,19.9,13.0,京东（员工活动）
日用杂品/卫浴用品/口腔护理及清洁,片仔癀牙火清牙膏健康护龈清新口气改善异味缓解口腔上火 菁萃药香75g,17.9,13.86,京东（员工活动）
日用杂品/卫浴用品/口腔护理及清洁,舒适达抗敏感劲速护理牙膏 清洁牙齿缓解敏感抗敏防蛀 70g,21.0,19.7,京东（员工活动）
日用杂品/卫浴用品/口腔护理及清洁,欧乐B氨基酸牙膏护龈自愈小白管绿茶持久修护抗牙龈出血清新口气 140g ,24.9,23.36,京东（员工活动）
劳保 安防 消防/劳动保护/口罩,振德（ZHENDE）KN95口罩成人鱼型立体非灭菌独立装白色30只/盒 自吸过滤式防颗粒物呼吸器,49.9,45.91,京东（员工活动）
日用杂品/卫浴用品/口腔护理及清洁,冷酸灵贝乐乐儿童益齿牙膏（爽口蜜瓜味）50克 换牙期2-12岁无氟牙膏,11.9,6.9,京东（员工活动）
日用杂品/清洁用品/生活用纸,洁柔抽纸 粉Face 柔韧3层120抽面巾纸*10包 M号 可湿水 婴儿纸巾,39.9,27.5,京东（员工活动）
日用杂品/卫浴用品/口腔护理及清洁,佳洁士牙膏全优7效防蛀抗牙菌斑牙膏 40g 旅行装 7效合1,7.9,3.0,京东（员工活动）
日用杂品/清洁用品/生活用纸,全棉时代 湿巾清凉口袋湿纸巾补水防晒棉柔巾一次性便携迷你湿巾纸14x15cm8片/包*8包,35.9,21.9,京东（员工活动）
日用杂品/清洁用品/生活用纸,七鲜湿敷化妆棉,5.5,5.16,京东（员工活动）
日用杂品/卫浴用品/口腔护理及清洁,两面针（LMZ）强健护龈牙膏 缓解口腔问题 清新口气留兰香型200g,23.9,16.73,京东（员工活动）
日用杂品/卫浴用品/口腔护理及清洁,舒客正畸U型凹槽专用软毛牙刷粉色2支装 青少年学生矫正牙齿牙套,29.9,20.0,京东（员工活动）
日用杂品/卫浴用品/口腔护理及清洁,G·U·MGUM康齿家 日本哆啦a梦儿童牙膏 葡萄味70g（2岁以上使用）,29.8,24.7,京东（员工活动）
日用杂品/卫浴用品/口腔护理及清洁,舒客舒克 皓白高密软毛牙刷2支装 宽头清洁 护龈成人牙刷（颜色随机）,29.9,25.0,京东（员工活动）
日用杂品/卫浴用品/口腔护理及清洁,狮王（Lion）和菓白桃绵密泡牙膏140g 清新桃子味 呵护牙龈 清新口气,39.8,26.0,京东（员工活动）
日用杂品/卫浴用品/口腔护理及清洁,舒客舒克 炭丝能量竹炭软毛牙刷8支装成人家用家庭套装护龈防滑小刷头,37.2,34.9,京东（员工活动）
日用杂品/卫浴用品/口腔护理及清洁,舒适达抗敏感多重倍护牙膏  全方位防护口气清新牙龈抗敏感100g,52.0,38.0,京东（员工活动）
日用杂品/卫浴用品/口腔护理及清洁,舒适达牙龈护理抗敏感牙膏  缓解牙齿敏感减轻牙龈防蛀180g,48.0,38.0,京东（员工活动）
日用杂品/卫浴用品/口腔护理及清洁,DARLIE好来(原黑人)乐固齿2-6岁 儿童牙刷 呵护乳牙 可爱卡通(颜色随机),10.9,9.5,京东（员工活动）
日用杂品/卫浴用品/口腔护理及清洁,舒客舒克 柔丝护齦成人情侣软毛牙刷3支装 深洁齿缝 家庭装旅行必备,15.9,13.0,京东（员工活动）
日用杂品/清洁用品/生活用纸,全棉时代 洗脸巾 抽纸面巾纸棉柔巾干湿两用亲肤柔软擦脸纸巾 80抽1包,12.9,12.11,京东（员工活动）
日用杂品/清洁用品/生活用纸,洁丽雅（Grace） 洗脸巾一次性洗脸巾女抽取式洁面巾美容毛巾卸妆棉擦脸棉柔巾,12.9,12.11,京东（员工活动）
日用杂品/卫浴用品/面部护理及清洁,同仁堂维生素E乳液清爽型按压式身体乳缓解干燥男女面霜保湿护手霜100ml,15.0,14.07,京东（员工活动）
日用杂品/卫浴用品/面部护理及清洁,相宜本草 美白润养霜50g（保湿补水 润养滋润),35.0,26.0,京东（员工活动）
日用杂品/卫浴用品/面部护理及清洁,致朵凡士林润肤精华面霜250g（擦抹脸油 保湿滋润 清爽不油腻 护脸霜油润肤乳液 男女士护肤品）,29.0,27.21,京东（员工活动）
日用杂品/清洁用品/生活用纸,爱舒柔 棉柔巾80片*3包  一次性加厚洁面巾洗脸巾 干湿两用动漫校园系列,35.9,32.78,京东（员工活动）
日用杂品/卫浴用品/面部护理及清洁,丝塔芙舒敏修护面霜10ml 维稳敏感保湿护肤(此体验装为非卖品 介意勿拍),48.0,45.03,京东（员工活动）
日用杂品/卫浴用品/面部护理及清洁,仁和匠心 丹参芦荟祛痘凝胶22g 修颜清痘闭口粉刺芦荟胶滋润保湿护肤品,49.0,45.97,京东（员工活动）
日用杂品/清洁用品/衣服护理及清洁,网易严选 除菌除螨香氛洗衣液3kg 强效去渍不伤手 持久留香 柑橘香家庭装,49.9,46.81,京东（员工活动）
日用杂品/卫浴用品/面部护理及清洁,质润复合壬二酸15%凝胶15g水杨酸祛痘膏去黑头闭口粉刺15%任二酸凝胶,51.0,47.84,京东（员工活动）
日用杂品/卫浴用品/面部护理及清洁,大宝SOD蜜200ml3件套身体乳液面霜男女士润肤保湿霜囤货装,59.9,51.9,京东（员工活动）
日用杂品/卫浴用品/面部护理及清洁,质润壬二酸20%凝胶15g祛痘膏去黑头闭口粉刺20%壬任二酸祛痘凝胶,54.8,53.71,京东（员工活动）
日用杂品/卫浴用品/面部护理及清洁,Fresh馥蕾诗大马士革玫瑰密集保湿面霜7ml（新老包装交替发货）（非卖品）,67.0,62.85,京东（员工活动）
日用杂品/卫浴用品/面部护理及清洁,百雀羚乳液女 草本水清漾保湿精华乳100ml补水保湿,77.0,72.23,京东（员工活动）
日用杂品/清洁用品/衣服护理及清洁,老管家馨香洗衣液2kg持久留香手洗机洗深层清洁,29.9,13.9,京东（员工活动）
日用杂品/清洁用品/衣服护理及清洁,立白大师香氛柔顺护衣洗衣液 玫瑰花香 500g袋装,19.9,17.91,京东（员工活动）
日用杂品/清洁用品/衣服护理及清洁,花王洁霸（ATTACK）瞬清亮彩无磷洗衣液补充装1.5kg,30.8,23.1,京东（员工活动）
日用杂品/清洁用品/衣服护理及清洁,狮王（Lion）衣领净  领口袖口深层洁净亮白去渍免搓强力去污250g ,34.9,29.72,京东（员工活动）
日用杂品/清洁用品/衣服护理及清洁,花木星球花木星球天然香氛洗衣液洁净除菌除螨薰衣草澳洲茶树精油 1.9kg,64.9,31.9,京东（员工活动）
日用杂品/清洁用品/衣服护理及清洁,花王 KAO 洗衣液高渗透抗菌除异味洗衣液880g原装酵素洁霸洁净易漂洗,38.9,36.49,京东（员工活动）
日用杂品/清洁用品/生活用纸,洁云卫生纸 4D溶+速溶压花卫生纸 300张12包装（整箱销售）,59.9,56.19,京东（员工活动）
日用杂品/清洁用品/衣服护理及清洁,朴物大美PWU内衣内裤洗衣液90ml 内衣洗衣液杀菌去血渍洗内衣裤专用液,9.9,6.0,京东（员工活动）
日用杂品/清洁用品/衣服护理及清洁,立白全效馨香洗衣液 手洗机洗 持久留香 护衣洁净去味全袋装 1.5kg,19.9,14.9,京东（员工活动）
日用杂品/清洁用品/衣服护理及清洁,汰渍全效超去渍超除菌超除螨持久留香洁雅百合洗衣液2斤,29.9,15.0,京东（员工活动）
日用杂品/清洁用品/衣服护理及清洁,汰渍手洗内衣去血渍除菌除螨不伤手留香小苍兰香洗衣液2斤,29.9,16.5,京东（员工活动）
日用杂品/清洁用品/衣服护理及清洁,黛施丽人内衣洗衣液杀菌除螨99.9%内裤去血渍去黄男女通用花香型600ml,20.9,19.61,京东（员工活动）
日用杂品/清洁用品/衣服护理及清洁,立白天然皂液洗衣液 低泡易漂1.8kg袋装 补充装 手洗机洗通用,29.9,19.9,京东（员工活动）
日用杂品/清洁用品/衣服护理及清洁,奥妙 酵素手洗洗衣液 内衣专用 1kg （内衣裤去血渍 适用敏感肌肤）内衣净 按压泵头 温和配方,35.9,21.9,京东（员工活动）
日用杂品/清洁用品/衣服护理及清洁,狮王（Lion）免洗去渍笔  便携式去油去菜渍咖啡渍应急去污17ml,35.9,23.51,京东（员工活动）
日用杂品/卫浴用品/身体护理及清洁,阿迪达斯 （adidas）男士香波沐浴露劲纯表现400ml 三合一洁面沐浴洗发,39.9,29.9,京东（员工活动）
日用杂品/清洁用品/衣服护理及清洁,朴物大美PWU内衣内裤洗衣液300ml 内衣洗衣液杀菌去血渍手洗内衣裤专用液,34.9,32.74,京东（员工活动）
日用杂品/清洁用品/衣服护理及清洁,立白天然茶籽洗衣液 除菌除螨抑菌 手洗机洗 祛味去渍 全袋装 4.5kg,44.9,39.9,京东（员工活动）
日用杂品/卫浴用品/面部护理及清洁,sakose凡士林情侣润唇膏阿巳与小铃铛限量款5.6g养护干裂舒缓保湿唇膜,39.9,37.43,京东（员工活动）
日用杂品/卫浴用品/面部护理及清洁,大宝水凝保湿精华乳液75ml护肤水乳深层保湿控油清爽不粘腻 ,43.9,41.18,京东（员工活动）
日用杂品/卫浴用品/面部护理及清洁,伯特小蜜蜂经典皇牌红石榴润唇膏4.25g 天然植萃保湿精华滋润无色打底男女,69.0,41.18,京东（员工活动）
日用杂品/卫浴用品/面部护理及清洁,曼秀雷敦柔融盈润修护润唇膏 补水保湿滋润防干裂 绵绵慕斯棒完熟白桃3.3g,44.9,42.12,京东（员工活动）
日用杂品/卫浴用品/面部护理及清洁,曼秀雷敦（Mentholatum） 蜂蜜修护润唇膏男女补水保湿滋润防干裂唇膜淡化唇纹 无香料4g*3,81.8,76.73,京东（员工活动）
日用杂品/卫浴用品/面部护理及清洁,雅漾（Avene）恒润清爽保湿乳40ML 补水保湿 舒缓滋润 敏感肌肤 乳液面霜,114.0,95.0,京东（员工活动）
日用杂品/清洁用品/衣服护理及清洁,蓝月亮蓝月亮洗衣液 深层洁净1kg瓶*2+1kg袋装*2+洗衣机清洗剂600g,79.9,59.0,京东（员工活动）
日用杂品/清洁用品/衣服护理及清洁,京东京造  除菌除螨洗衣液12斤超值装 浓缩天然酵素全效瓶装（3kg*2）,69.9,60.0,京东（员工活动）
日用杂品/清洁用品/衣服护理及清洁,蓝月亮宝宝婴儿洗衣液 植物成分 儿童专用洗衣液 百合香 1kg瓶+1kg袋*2,89.9,82.0,京东（员工活动）
日用杂品/清洁用品/衣服护理及清洁,活力28 除菌除螨洗衣液1.5KG*6瓶+内衣洗100g*5瓶+衣物除菌液100g*3瓶,100.0,93.8,京东（员工活动）
日用杂品/清洁用品/衣服护理及清洁,花王洁霸 ATTACK 瞬清无磷洗衣液（玫瑰花香）14斤JOY特供箱装 2kg*2+1.5kg*2,144.8,109.0,京东（员工活动）
日用杂品/卫浴用品/面部护理及清洁,伊人妆园（PERIVOG）凡士林唇膏3.5g洋甘菊保湿补水淡化唇纹唇膜小甘菊滋润保湿润唇膏,6.9,6.48,京东（员工活动）
日用杂品/卫浴用品/面部护理及清洁,屈臣氏植物莹润护唇膏3克（蜜桃味） 水润轻薄保湿润泽润唇膏唇膜,11.9,10.9,京东（员工活动）
日用杂品/卫浴用品/面部护理及清洁,凡士林(Vaseline)修护润唇膏玫瑰花蕾味3.5G 保湿补水防干裂去死皮,19.9,16.5,京东（员工活动）
日用杂品/卫浴用品/面部护理及清洁,凡士林(Vaseline)修护润唇膏薄荷味3.5G 舒缓滋养保湿补水防干裂去死皮,19.9,18.67,京东（员工活动）
日用杂品/卫浴用品/面部护理及清洁,曼秀雷敦（Mentholatum）果香修护润唇膏 补水保湿滋润防干裂 小黄人联名款 草莓3.5g,26.9,18.8,京东（员工活动）
日用杂品/卫浴用品/面部护理及清洁,曼秀雷敦（Mentholatum）果香修护润唇膏 补水保湿滋润防干裂 小黄人联名款 柠檬3.5g,26.9,18.8,京东（员工活动）
日用杂品/卫浴用品/面部护理及清洁,质润壬二酸15%凝胶5g祛痘膏去黑头闭口粉刺15%壬任二酸祛痘凝胶,21.8,21.37,京东（员工活动）
日用杂品/清洁用品/衣服护理及清洁,蓝月亮内衣洗衣液 手洗专用 按压泵头 温和易漂 500g/瓶(风清白兰香),14.8,13.5,京东（员工活动）
日用杂品/卫浴用品/身体护理及清洁,绿伞 抗菌泡沫洗手液300g/瓶（悠然海风） 滋润护肤易冲洗,19.9,11.9,京东（员工活动）
日用杂品/卫浴用品/身体护理及清洁,曼秀雷敦双效深度净白 温和锁水保湿 日常养护 清爽嫩肤水润护手霜50g,15.9,14.69,京东（员工活动）
日用杂品/清洁用品/生活用纸,海氏海诺A141 75%酒精湿巾（独立装）*50片/包,16.5,16.17,京东（员工活动）
日用杂品/卫浴用品/身体护理及清洁,舒肤佳抑菌泡沫洗手液 柠檬300g 健康抑菌99.9% 泡沫细腻新老包装随机发,39.9,18.8,京东（员工活动）
日用杂品/卫浴用品/身体护理及清洁,六神 沐浴露 六神清新滋润沐浴露芦荟麦冬200ml*2,24.51,23.0,京东（员工活动）
日用杂品/卫浴用品/身体护理及清洁,滴露l洗手液滋润倍护450g+450g瓶装补充液,35.0,26.0,京东（员工活动）
日用杂品/卫浴用品/身体护理及清洁,舒肤佳沐浴露 纯白900g 滋润保湿 男女士通用 香味持久新老包装随机发,34.9,28.5,京东（员工活动）
日用杂品/清洁用品/生活用纸,竹π 心相印竹派竹浆本色纸抽纸3层100抽*软抽面巾纸*20包,55.9,32.9,京东（员工活动）
日用杂品/卫浴用品/身体护理及清洁,力士(LUX)沐浴露 销量百万+幽莲魅肤馥郁香氛精油沐浴乳 1000g+350g 持续留香(新老包装随机发货),42.0,39.4,京东（员工活动）
日用杂品/清洁用品/衣服护理及清洁,碧浪 Ariel洗衣液杀除抑菌高效除螨7.8斤(2KG+500G×3+200G×2),99.9,48.45,京东（员工活动）
日用杂品/清洁用品/衣服护理及清洁,海肌兰（SEAKLAM）内衣内裤洗衣液520ml抑菌除螨去血渍孕婴男女士洗内衣内裤专用液,56.9,49.0,京东（员工活动）
日用杂品/清洁用品/衣服护理及清洁,Domol 洗衣液 深色黑色衣物洗衣液 深层去渍护色固色锁色剂 1.5L,89.0,57.9,京东（员工活动）
日用杂品/清洁用品/衣服护理及清洁,碧浪 Ariel 洗衣液强去渍除菌抑菌清雅茉莉香12斤(机洗3KG*2瓶),88.9,70.0,京东（员工活动）
日用杂品/清洁用品/衣服护理及清洁,奥妙除菌除螨洗衣液5KG 72小时长效抑菌 送柠檬花香洗洁精1.1kg*2   ,99.9,89.9,京东（员工活动）
日用杂品/清洁用品/衣服护理及清洁,朴物大美PWU内衣内裤洗衣液300ml*4 内衣洗衣液杀菌去血渍手洗内裤专用液,129.0,121.01,京东（员工活动）
日用杂品/卫浴用品/面部护理及清洁,协和玻尿酸维e乳100ml*3 补水保湿 双重滋养 不黏不腻 清爽不粘腻 好吸收 淡香 男女通用,89.4,83.0,京东（员工活动）
日用杂品/卫浴用品/面部护理及清洁,质润壬二酸20%凝胶15g*2祛痘膏去黑头闭口粉刺20%壬任二酸祛痘凝胶,96.0,90.05,京东（员工活动）
日用杂品/清洁用品/衣服护理及清洁,汰渍专业深色炫彩洁净除菌除螨持久留香洗衣液600G,19.9,12.0,京东（员工活动）
日用杂品/清洁用品/衣服护理及清洁,蓝月亮内衣洗衣液 手洗专用按压泵头 温和易漂无残留 500g/瓶(薰衣草香),14.8,13.5,京东（员工活动）
日用杂品/卫浴用品/身体护理及清洁,惠润（SUPER MiLD）滋润沐浴露香味持久淡雅果味沐浴乳650ml水嫩润泽保湿沐浴液,61.0,44.2,京东（员工活动）
日用杂品/清洁用品/生活用纸,京东京造 湿厕纸 厕纸湿巾(500片)80片*6包赠10片*2包清洁湿纸巾湿巾,51.9,44.5,京东（员工活动）
日用杂品/卫浴用品/身体护理及清洁,蓝月亮儿童泡沫洗手液（草莓香型）200ml*3 泡沫细腻易冲洗 ,74.7,44.9,京东（员工活动）
日用杂品/卫浴用品/面部护理及清洁,安安金纯 A'Gensn青瓜高水分保湿洗面奶清爽补水保湿低泡沫200g*2,29.9,28.05,京东（员工活动）
日用杂品/卫浴用品/面部护理及清洁,旁氏（POND'S）米粹润泽保湿氨基酸洁面慕斯泡泡 160ML*2 温和洁净水润 敏感肌,79.9,50.56,京东（员工活动）
日用杂品/卫浴用品/面部护理及清洁,荷诺防晒霜70ml小白管隔离防晒乳spf50+美白提亮男女可用护肤品化妆品,79.0,55.0,京东（员工活动）
劳保 安防 消防/头部防护用品及配件/普通工作帽,蕉下双面防晒延空渔夫帽防紫外线户外百搭舒适遮阳帽 青烟灰/远山灰 ,179.0,129.0,京东（员工活动）
日用杂品/卫浴用品/面部护理及清洁,苏菲娜（Sofina）IP沁润防晒霜30g(小蓝伞升级) SPF50+ PA++++蓝胖子水润养肤隔离,230.0,156.0,京东（员工活动）
日用杂品/清洁用品/生活用纸,清风盒装抽纸2层200抽9盒面巾纸商务黑白硬盒抽卫生手纸巾 B338A2,65.9,61.82,京东（员工活动）
日用杂品/清洁用品/生活用纸,清风 B915A 质韧纯品洗手台抽取式擦拭纸巾 200抽/包（20包/箱）,178.0,166.97,京东（员工活动）
日用杂品/卫浴用品/身体护理及清洁,贝德玛赋妍沐浴油1000ml 滋养干皮 修护保湿 护肤品男女通用,169.0,139.0,京东（员工活动）
日用杂品/卫浴用品/身体护理及清洁,力士(LUX)沐浴露套装 闪亮冰爽沐浴乳1000g 送幽莲350g 香味持久,39.9,37.43,京东（员工活动）
日用杂品/卫浴用品/身体护理及清洁,多芬（Dove）身体滋润磨砂膏全身温和磨砂 石榴+樱花+澄糖 (50G+50G+50G),59.0,38.0,京东（员工活动）
日用杂品/卫浴用品/身体护理及清洁,MAGEC水杨酸烟酰胺沐浴露500ml（祛痘去螨虫氨基酸除螨沐浴露男女士控油净肤止痒香氛沐浴液）,49.9,46.81,京东（员工活动）
日用杂品/卫浴用品/身体护理及清洁,满婷（MANTING）清满海盐细致沐浴乳550ml(除螨保湿舒缓温和去角质男女士沐浴露）,64.0,52.0,京东（员工活动）
日用杂品/卫浴用品/身体护理及清洁,清扬（CLEAR）男士沐浴露 平衡控油 活力运动型900g C罗黎明觉醒,68.9,58.9,京东（员工活动）
日用杂品/卫浴用品/身体护理及清洁,六神【香氛沐浴露礼盒套装】沁香蔷薇香300ml+马鞭草香沐浴露300ml,85.9,67.1,京东（员工活动）
日用杂品/卫浴用品/身体护理及清洁,可悠然沐浴露大黄瓶美肌香氛沐浴液套装男女通用装1.1L(欣怡+花漾) ,120.0,97.5,京东（员工活动）
日用杂品/卫浴用品/身体护理及清洁,米叻（MILLER DAZZLE）沐浴露男士除螨祛痘控油保湿古龙香氛持久留香沐浴乳 500ml,168.0,157.59,京东（员工活动）
日用杂品/卫浴用品/面部护理及清洁,曼秀雷敦（Mentholatum）乐肤洁隐形痘贴 痘痘贴轻薄遮瑕可上妆吸脓抗痘 日夜可用52片,53.0,44.9,京东（员工活动）
日用杂品/清洁用品/衣服护理及清洁,朴物大美PWU双色护衣留香珠香味持久除螨抑菌留香珠洗衣香珠冬日旷野200g,45.9,39.0,京东（员工活动）
日用杂品/清洁用品/衣服护理及清洁,朴物大美PWU双色留香珠衣物香氛香味持久留香洗衣香珠除螨抑菌 盛夏200g,45.9,43.06,京东（员工活动）
日用杂品/清洁用品/衣服护理及清洁,朴物大美PWU双色护衣留香珠香味持久衣物洗衣香珠柔顺剂除螨抑菌丹桂200g,45.9,43.06,京东（员工活动）
日用杂品/清洁用品/生活用纸,洁柔卷纸 油画Face 加厚4层150克*12卷（柔韧亲肤 冲厕易降解）,39.9,26.5,京东（员工活动）
日用杂品/卫浴用品/面部护理及清洁,半亩花田氨基酸洁面乳60g【洗面奶男女控油清洁温和】,29.9,28.05,京东（员工活动）
日用杂品/清洁用品/生活用纸,维达（Vinda）卷纸 超韧无芯卷纸78克30卷 4层加厚 卫生纸卷纸 纸巾卷纸 整箱,31.0,29.08,京东（员工活动）
日用杂品/清洁用品/生活用纸,无染(wuro)无芯卷纸 卫生纸4层加厚70g*40卷竹浆纸 竹纤维本色纸巾厕纸手纸 整箱,49.0,45.97,京东（员工活动）
日用杂品/清洁用品/生活用纸,elleair 大王爱璐儿【可溶解卷筒纸】心韧棉感立体压花型24卷 整箱销售,49.0,45.97,京东（员工活动）
日用杂品/清洁用品/生活用纸,洁云卷纸 加韧4层125克27卷卫生纸 有芯卷筒纸 厕纸  整箱销售（新老包装交替发货）,59.9,53.0,京东（员工活动）
日用杂品/清洁用品/生活用纸,蓝漂XPLUS会员联名款 卷纸 6层150克*27卷整箱有芯卷纸 加厚柔韧,57.9,53.9,京东（员工活动）
日用杂品/卫浴用品/身体护理及清洁,滴露Dettol健康沐浴露柑橘沁爽950g 身体沐浴乳液 男女士通用香味持久,45.9,34.5,京东（员工活动）
日用杂品/卫浴用品/面部护理及清洁,法兰琳卡（FRANIC） 玫瑰花苞水氨基酸补水面贴膜25ml*5片（补水保湿提亮肤色女士）,44.0,39.0,京东（员工活动）
日用杂品/卫浴用品/面部护理及清洁,3M痘痘贴日用夜用混合款36粒磨皮贴男女隐形净痘贴人工皮遮痘印贴,39.9,35.9,京东（员工活动）
日用杂品/卫浴用品/身体护理及清洁,多芬身体磨砂膏50g石榴籽+乳木果香 温和磨砂持久留香(新老包装随机),15.9,14.92,京东（员工活动）
日用杂品/卫浴用品/身体护理及清洁,多芬樱花甜香滋养沐浴乳730g 锁水保湿肌肤 持久留香(新老包装随机),39.9,25.22,京东（员工活动）
日用杂品/卫浴用品/身体护理及清洁,阿迪达斯 （adidas）男士活力沐浴露套装 海洋香氛冰点(400ml+250ml) 持久留香控油,29.9,25.56,京东（员工活动）
日用杂品/卫浴用品/身体护理及清洁,澳雪（accen）花香美肌沐浴露套装 500ml百合+500ml橙花+500ml樱花,40.9,27.6,京东（员工活动）
日用杂品/卫浴用品/身体护理及清洁,澳雪（accen）果萃滋润保湿沐浴露套装 680g白桃+680g蓝莓+680g青柠,42.9,29.1,京东（员工活动）
日用杂品/卫浴用品/身体护理及清洁,多芬深层美肤沐浴露套装深层1kg+弹润300g滋养干燥肌肤(新老包装随机),49.9,31.64,京东（员工活动）
日用杂品/清洁用品/衣服护理及清洁,当妮 留香珠 十倍持久留香（蓝调海洋）280G/瓶 除菌除螨,69.9,43.92,京东（员工活动）
日用杂品/清洁用品/生活用纸,洁柔卷纸 加厚4层140克卫生纸*27卷（油画Face 柔软亲肤冲厕易降解）,69.0,59.0,京东（员工活动）
日用杂品/清洁用品/生活用纸,五月花（May Flower） 卷纸 4层180g*24卷/箱装 有芯厕所卫生用纸 柔软韧压花厚实,66.9,62.76,京东（员工活动）
日用杂品/卫浴用品/面部护理及清洁,清扬（CLEAR）男士洁面爽肤水活保湿型氨基酸洗面奶190g,69.0,64.73,京东（员工活动）
日用杂品/清洁用品/生活用纸,洁柔抽纸 3层100抽面巾纸*18包 金尊高端系列 湿水强韧,39.9,35.1,京东（员工活动）
日用杂品/清洁用品/生活用纸,鸥露（OULU）竹浆抽纸 卫生纸餐巾纸 不漂白本色纸巾 便携装90抽*28包整箱,59.9,39.9,京东（员工活动）
日用杂品/卫浴用品/面部护理及清洁,菲古思澳洲防晒霜25ml学生军训全身隔离防晒乳防水防汗护肤品SPF50+,45.0,42.21,京东（员工活动）
日用杂品/卫浴用品/面部护理及清洁,碧柔（Biore）花王碧柔（Biore）水活防晒倍护水凝露90ml SPF50+ PA+++,63.69,43.81,京东（员工活动）
日用杂品/清洁用品/生活用纸,清风抽纸 植萃3层100抽*24包 亲肤无刺激 卫生纸 纸巾 餐巾纸 整箱,59.9,56.19,京东（员工活动）
日用杂品/卫浴用品/面部护理及清洁,雅漾（Avene）清爽便携防晒乳SPF50+ PA++++ 30ML 小金刚敏肌户外隔离 乳液面霜,80.0,68.0,京东（员工活动）
日用杂品/清洁用品/生活用纸,洁柔抽纸 粉Face柔韧3层120抽面巾纸*27包 百花香味 可湿水 婴儿纸,85.9,71.2,京东（员工活动）
日用杂品/清洁用品/生活用纸,史达立 厨房湿巾40抽*3包 厨房用纸清洁 餐厨湿巾纸去油污 99.9%杀菌,29.9,28.05,京东（员工活动）
日用杂品/卫浴用品/面部护理及清洁,相宜本草 控油清透洁面膏100g,18.0,16.89,京东（员工活动）
日用杂品/卫浴用品/面部护理及清洁,协和维生素e洁面乳80g 无泡洗面奶 温和滋养 细腻柔滑 敏感肌可用洁面啫喱,28.0,24.4,京东（员工活动）
日用杂品/卫浴用品/面部护理及清洁,小迷糊净透泡沫氨基酸洁面乳100g深层清洁控油男女礼物,29.9,28.05,京东（员工活动）
日用杂品/卫浴用品/面部护理及清洁,薇姿VICHY 温泉纯净泡沫洁面霜50ml（氨基酸 男女混油皮通用护肤品）,129.0,39.0,京东（员工活动）
日用杂品/卫浴用品/面部护理及清洁,急护美人(First Aid Beauty)洁面28.3g,53.5,50.19,京东（员工活动）
日用杂品/卫浴用品/面部护理及清洁,相宜本草 去死皮膏68g*2支套装（洁面 去角质 保湿清洁）新老包装随机发货,58.0,54.41,京东（员工活动）
日用杂品/卫浴用品/面部护理及清洁,珊珂氨基酸洗面奶温和清洁蚕丝米粹洁面泡沫男士女士150ml 敏感肌适用,62.0,55.0,京东（员工活动）
日用杂品/卫浴用品/面部护理及清洁,福来（freiol）匀净美肤补水保湿精华油 面部全身按摩油女士护肤油 125ml/瓶,218.0,128.0,京东（员工活动）
日用杂品/卫浴用品/面部护理及清洁,玉兰油（OLAY）修护精华乳50ml面部精华乳液女士护肤品滋润清爽淡化细纹紧致提拉,199.0,186.67,京东（员工活动）
日用杂品/卫浴用品/面部护理及清洁,丸美防晒霜 小金钻轻透户外防晒乳SPF50 PA+++40g轻薄透气防晒黑晒伤,99.0,85.0,京东（员工活动）
日用杂品/清洁用品/生活用纸,洁云 厨房用纸 日本纳米祛菌技术健康卷纸 加厚擦手纸 厨房纸巾 75节*2卷 吸油吸水,19.9,10.9,京东（员工活动）
日用杂品/清洁用品/生活用纸,珍爱厨房卫生湿巾 清洁厨房油烟机灶台去油污懒人抹布湿纸巾70片,13.0,11.9,京东（员工活动）
日用杂品/清洁用品/生活用纸,洁云抽纸 绒触感纸巾3层130抽软抽面巾纸6包装,16.9,12.9,京东（员工活动）
日用杂品/清洁用品/生活用纸,京东京造一次性懒人抹布 加厚厨房卷纸 吸油纸吸水纸加厚擦手纸 厨房用纸,17.9,14.6,京东（员工活动）
日用杂品/清洁用品/生活用纸,维达（Vinda）抽纸 超韧120抽*8包M码 湿水不易破 卫生纸 纸巾 餐巾纸 ,21.9,20.55,京东（员工活动）
日用杂品/清洁用品/生活用纸,网易严选 厨房湿巾40片*3包 厨房用纸餐厨湿巾 重油污净清洁去油污厨房纸,21.9,20.55,京东（员工活动）
日用杂品/清洁用品/生活用纸,日诺 Rinuo 日诺溶水抽纸整箱母婴抽取式厕纸110抽4层 6包/件 ,29.9,28.05,京东（员工活动）
日用杂品/清洁用品/生活用纸,清风抽纸 花萃4层90抽*8包M码 亲肤无刺激 卫生纸 纸巾 餐巾纸 整箱,29.9,28.05,京东（员工活动）
日用杂品/清洁用品/生活用纸,LEEME.ME粒米抽纸/厨房用纸200抽*3包共600抽有效抑菌99.9%食品接触级吸油,29.9,28.05,京东（员工活动）
日用杂品/卫浴用品/面部护理及清洁,欧诗漫（OSM）珍珠白小白灯美白精华液28天烟酰胺提亮护肤品35ml生日礼物送女友,228.0,188.9,京东（员工活动）
日用杂品/卫浴用品/面部护理及清洁,曼秀雷敦（Mentholatum）新碧儿童防晒喷雾120ml 清爽保湿晒后修复防水护肤敏感肌防晒霜,73.0,58.41,京东（员工活动）
日用杂品/卫浴用品/面部护理及清洁,旁氏（POND'S）米粹润泽保湿氨基酸洁面泡泡 160ML *3 囤货装  保湿温和学生礼物,99.0,92.87,京东（员工活动）
日用杂品/卫浴用品/面部护理及清洁,Whoo 后拱辰享气韵生润颜洁面2件套80ml（洁面 卸妆膏）【直播间专享】,121.0,113.5,京东（员工活动）
日用杂品/卫浴用品/面部护理及清洁,雅漾（Avene）净柔卸妆洁面摩丝150ML 深层清洁 氨基酸洗面奶 泡沫慕斯敏肌男女,188.0,140.0,京东（员工活动）
日用杂品/清洁用品/生活用纸,elleair大王爱璐儿【可溶解卷筒纸】心韧棉感立体压花型 36卷整箱销售,115.2,108.06,京东（员工活动）
日用杂品/卫浴用品/面部护理及清洁,cemoy澳诗茉 白金流明氨基酸洗面奶100ml男女保湿清洁控油去角质敏感肌,139.0,120.0,京东（员工活动）
日用杂品/卫浴用品/面部护理及清洁,丝塔芙氨基酸表活洗面奶200ml (小云朵泡沫温和卸妆洁面清洁男女敏感肌),128.0,120.07,京东（员工活动）
日用杂品/清洁用品/生活用纸,elleair大王爱璐儿 (可溶解卫生卷纸)柔韧吸水亲肤10卷*3提4层加厚箱装,149.0,123.0,京东（员工活动）
日用杂品/卫浴用品/面部护理及清洁,欧莱雅金致臻颜花蜜氨基酸洁面乳125ml洗面奶温和洁净滋润生日表白礼物,159.0,149.15,京东（员工活动）
日用杂品/清洁用品/生活用纸,维达大卷纸12卷2143节双层手纸巾厕纸酒店企业单位用纸VS4418,204.0,191.36,京东（员工活动）
日用杂品/卫浴用品/面部护理及清洁,薇诺娜舒缓保湿特护精华液5ml,68.0,63.79,京东（员工活动）
日用杂品/卫浴用品/面部护理及清洁,透真美白精华烟酰胺原液30ml（祛斑淡印 改善暗沉补水精华）护肤女,89.9,63.8,京东（员工活动）
日用杂品/卫浴用品/面部护理及清洁,润百颜美白精华液1.5ml*5支 特证美白 匀亮肤色 活力VC 温和淡斑,69.0,64.73,京东（员工活动）
日用杂品/卫浴用品/面部护理及清洁,润百颜玻尿酸抚纹靓透次抛精华液1.5ml*5支 HACE抗皱淡纹精华液,89.0,83.49,京东（员工活动）
日用杂品/清洁用品/生活用纸,1号会员店 四层柔韧卷纸 湿水不易破加厚有芯卫生纸 200g*27卷,92.3,84.6,京东（员工活动）
日用杂品/清洁用品/生活用纸,洁柔卷纸 粉Face加厚4层70g卫生纸*10卷 4D立体印花 冲水不堵塞无芯,10.9,10.23,京东（员工活动）
日用杂品/清洁用品/生活用纸,唯依美卫生纸家用妇婴可用4层75克10卷无芯卷筒纸家庭实惠装VY710升级版,12.5,11.73,京东（员工活动）
日用杂品/清洁用品/生活用纸,网易严选 谷风一木无芯卷纸10卷 天然原木浆超韧4层加厚卷装 家用纸巾卫生纸卷筒纸 亲肤柔软易降解,19.9,17.0,京东（员工活动）
日用杂品/卫浴用品/面部护理及清洁,AOPY 果酸去角质啫喱 清洁毛孔脸部去死皮黑头面部 去角质男女士,19.9,18.67,京东（员工活动）
日用杂品/清洁用品/衣服护理及清洁,威露士La有氧洗洗衣液套装16.5斤（2.25L瓶+1L瓶+1L*5袋 ）除菌除螨,98.0,86.39,京东（员工活动）
日用杂品/清洁用品/生活用纸,筑溪子 75%酒精湿巾80片*3包加大加厚杀菌湿纸巾卫生消毒棉片家用,29.9,28.05,京东（员工活动）
日用杂品/清洁用品/生活用纸,阿蔚（arhwi）纯水湿巾10片 棉柔清洁卫生湿巾无酒精湿巾 婴儿成人手口湿纸巾小包便携装,4.9,4.6,京东（员工活动）
日用杂品/清洁用品/生活用纸,珍爱湿巾 绿茶去油擦脸擦汗洁面清洁湿纸巾 带盖抽装80片,10.5,8.89,京东（员工活动）
日用杂品/清洁用品/生活用纸,京东京造 湿巾 纯水湿巾8片*8包 超迷你便携装 洁肤柔湿巾 婴儿湿巾,10.9,9.5,京东（员工活动）
日用杂品/清洁用品/生活用纸,Dr.J's无酒精消毒湿巾杀菌湿纸巾婴儿/成人手口湿巾抽取式大桶160抽/桶,39.9,14.55,京东（员工活动）
日用杂品/清洁用品/生活用纸,HANASS 75%酒精湿巾50片*1盒（独立包装）一次性湿纸巾 卫生消毒湿巾  ,17.9,15.9,京东（员工活动）
日用杂品/清洁用品/生活用纸,筑溪子擦鞋湿巾16片*6包小白鞋开学学生必备擦鞋神器清洁免洗球鞋清洁剂,17.8,16.29,京东（员工活动）
日用杂品/清洁用品/生活用纸,多康Tork屏幕清洁湿巾50片装 可擦眼镜手机电脑平板手表屏幕 速干无痕,39.0,18.0,京东（员工活动）
日用杂品/清洁用品/生活用纸,三仕达酒精湿巾40片*3包 杀菌消毒湿巾 乙醇湿巾 卫生湿巾,19.9,18.67,京东（员工活动）
日用杂品/清洁用品/生活用纸,斑布功夫熊猫 4层8片手帕纸*18包 便携本色手帕纸无漂白无添加,19.9,18.67,京东（员工活动）
日用杂品/清洁用品/生活用纸,京东京造 湿巾 医护级湿纸巾 杀菌消毒湿巾独立包装10片*12包 杀菌率99.9%,27.9,23.6,京东（员工活动）
日用杂品/清洁用品/生活用纸,安可新婴儿湿巾【80抽*5包】手口可用纯水湿纸巾新生儿专用纸巾擦脸巾,29.9,26.0,京东（员工活动）
日用杂品/清洁用品/生活用纸,京东京造 湿巾 EDI纯水婴儿手口湿巾80片*1包加厚款 新生儿湿纸巾 擦脸巾,11.9,9.3,京东（员工活动）
日用杂品/卫浴用品/身体护理及清洁,凡士林经典修护晶冻50g 润肤身体乳护手霜 滋润保湿防干裂 月销破万,12.5,11.0,京东（员工活动）
日用杂品/卫浴用品/身体护理及清洁,半亩花田（Little Dream Garden）身体乳,11.9,11.17,京东（员工活动）
日用杂品/卫浴用品/身体护理及清洁,美加净恒润滋养润体乳（滋润保湿 植物精华 3重滋养  身体乳）200ml,18.0,12.8,京东（员工活动）
日用杂品/清洁用品/生活用纸,爱舒柔天丝湿厕纸40片 擦去99.9%细菌私处清洁 湿纸巾洁厕湿巾,14.9,12.9,京东（员工活动）
日用杂品/卫浴用品/身体护理及清洁,凡士林烟酰胺维他亮肤美白身体乳液便携100ml 补水保湿润肤留香,18.9,14.5,京东（员工活动）
日用杂品/清洁用品/生活用纸,安可新 75%酒精湿巾  消毒杀菌卫生湿巾免洗手家用办公便携装 40片*3包,16.9,15.86,京东（员工活动）
日用杂品/清洁用品/生活用纸,清沐纯子 湿厕纸 大尺寸40抽*2包 男女可用湿巾家庭实惠装杀菌卫生清洁可冲入马桶易分解,19.9,18.67,京东（员工活动）
日用杂品/卫浴用品/身体护理及清洁,屈臣氏保湿润肤套装500ml*2（烟酰胺+维E） 深润滋养呵护身体乳润肤露,31.9,27.0,京东（员工活动）
日用杂品/卫浴用品/身体护理及清洁,美加净润泽果酸保湿身体乳300g（果酸精华 烟酰胺 提亮保湿 软化角质）,49.0,29.9,京东（员工活动）
日用杂品/清洁用品/生活用纸,爱舒柔天丝湿厕纸家庭装80片*3包 擦走细菌私处清洁 湿纸巾洁厕湿巾,38.9,35.69,京东（员工活动）
日用杂品/清洁用品/生活用纸,蓝漂XPLUS会员联名款 湿厕纸 擦除99.9%细菌温和无刺激 40片*10包,45.9,39.5,京东（员工活动）
日用杂品/清洁用品/生活用纸,维达（Vinda）湿厕纸私处清洁山茶花精华湿纸巾家庭装80片*6包厕纸湿巾植萃护肤,83.9,56.9,京东（员工活动）
日用杂品/卫浴用品/身体护理及清洁,OLAY玉兰油滋润身体乳 清爽版340ml滋润保湿 节日礼物新老包装随机发,79.9,74.95,京东（员工活动）
日用杂品/清洁用品/生活用纸,德佑湿厕纸家庭装80抽*6包 洁厕湿纸巾厕纸湿巾 可搭配卷纸卫生纸使用,79.9,74.95,京东（员工活动）
日用杂品/清洁用品/生活用纸,心相印婴儿湿巾 宝宝手口PP专用便携湿纸巾 20抽*10包 新老包装随机发,41.0,30.0,京东（员工活动）
日用杂品/清洁用品/生活用纸,全棉时代 湿厕纸 除菌如厕湿巾纯棉私处清洁可冲擦屁屁卫生家庭装60抽/包,33.0,30.94,京东（员工活动）
日用杂品/清洁用品/生活用纸,1号会员店 便携加厚手口湿巾 母婴手口可用七层EDI纯水湿纸巾 10片*20包,39.9,32.9,京东（员工活动）
日用杂品/清洁用品/生活用纸,德佑 婴儿手口湿巾 新生儿湿纸巾 宝宝带盖抽纸儿童擦脸湿巾  80抽5包,38.9,36.49,京东（员工活动）
日用杂品/卫浴用品/面部护理及清洁,京润珍珠素颜焕美珍珠膏50g 妆前隔离遮瑕提亮懒人面霜裸妆素颜霜一抹焕亮,49.0,45.97,京东（员工活动）
日用杂品/卫浴用品/面部护理及清洁,透真洗面奶氨基酸洁面乳120g 深层清洁毛孔温和卸妆 补水保湿控油男女,59.9,50.05,京东（员工活动）
日用杂品/卫浴用品/面部护理及清洁,修正六胜肽抗皱面霜50g(补水保湿抗皱面霜提拉紧致抬头纹男女),55.0,51.59,京东（员工活动）
日用杂品/卫浴用品/面部护理及清洁,仁和匠心洗面奶男士除螨控油祛 痘深层清洁细致毛孔男女洁面乳洗去油腻植物氨基酸150g,69.0,64.73,京东（员工活动）
日用杂品/卫浴用品/面部护理及清洁,多芬微生态净润泡泡160ml洗面奶 氨基酸呵护敏感肌 滋润保湿清洁毛孔 ,79.0,71.19,京东（员工活动）
日用杂品/卫浴用品/面部护理及清洁,悦诗风吟（Innisfree）济州火山岩泥泡沫洗面奶深层清洁控油清爽不易紧绷洗颜乳女150ml,93.75,87.94,京东（员工活动）
日用杂品/卫浴用品/面部护理及清洁,绽妍三重胶原蛋白修护霜修红霜50g 敏感肌红血丝泛红保湿补水乳液面霜,198.0,185.73,京东（员工活动）
日用杂品/卫浴用品/面部护理及清洁,希芸洗面奶女男洁面乳氨基酸洁面膏面部泡沫深层清洁控油保湿100ml,9.9,9.29,京东（员工活动）
日用杂品/卫浴用品/面部护理及清洁,旁氏（POND'S）祛痘洁面凝露水薄荷150g 温和祛痘控油洗面奶去角质,32.9,30.87,京东（员工活动）
日用杂品/卫浴用品/面部护理及清洁,大宝维生素E精华霜50g护肤面霜角鲨烷红没药醇舒缓肌肤敏感,32.9,30.87,京东（员工活动）
日用杂品/清洁用品/衣服护理及清洁,花王洁霸（ATTACK）瞬清无磷洗衣液 弱酸泡沫技术 3kg,62.0,46.8,京东（员工活动）
日用杂品/清洁用品/生活用纸,心相印抽纸【肖战推荐】经典系列 XL码2层200抽*3包 纸巾（新旧交替）,13.9,13.04,京东（员工活动）
日用杂品/清洁用品/生活用纸,5包装   维达卫生湿巾纸10片VW1009,24.0,19.8,京东（员工活动）
日用杂品/清洁用品/衣服护理及清洁,活力28薰衣芬芳洗衣粉3kg 怡神薰衣草持久留香 倍柔护衣 低泡易漂,25.9,23.9,京东（员工活动）
日用杂品/清洁用品/生活用纸,舒洁(Kleenex)牛乳系列柔纸巾 牛乳纸口袋包7抽10包装 ,39.9,37.43,京东（员工活动）
日用杂品/清洁用品/生活用纸,幸福阳光 抽纸无添加软抽3层130抽20包母婴纸巾升级压花工艺 新老随机发货,49.9,44.0,京东（员工活动）
日用杂品/清洁用品/生活用纸,心相印抽纸/平板纸 擦手卫生纸双层120抽10包 抽取式厕纸（整箱销售）,51.9,48.69,京东（员工活动）
日用杂品/清洁用品/生活用纸,维达（Vinda）抽纸 棉韧奢柔M码16包*80抽 羊绒感亲肤纸巾 卫生纸 纸巾 整箱,57.9,54.32,京东（员工活动）
日用杂品/卫浴用品/口腔护理及清洁,佳洁士3D炫白玫瑰盐牙膏120g 美白去黄去牙渍防渍含氟清新口气,12.9,6.8,京东（员工活动）
日用杂品/卫浴用品/口腔护理及清洁,高露洁（Colgate） 适齿炭牙刷 4支 （适齿刷毛 深入深洁）（新老包装随机发）,10.3,9.67,京东（员工活动）
日用杂品/卫浴用品/口腔护理及清洁,高露洁（Colgate）便携式旅行牙膏牙刷套装 （牙膏40g+护龈牙刷） (颜色包装随机发),16.9,11.9,京东（员工活动）
日用杂品/卫浴用品/口腔护理及清洁,高露洁（Colgate）48孔小宽头护龈超细软毛牙刷1支 宽柔绵绵丝成人牙刷 轻适刷 ,22.9,15.9,京东（员工活动）
日用杂品/卫浴用品/口腔护理及清洁,皓乐齿(Ora2)净色蓝白经典条纹牙膏 140g固齿清新 靓白闪耀 清新口气,29.3,20.0,京东（员工活动）
日用杂品/卫浴用品/口腔护理及清洁,纳美（Namei）牙膏小苏打牙膏美白清新口气牙齿美白亮白含氟竹盐120g,13.9,10.5,京东（员工活动）
日用杂品/卫浴用品/口腔护理及清洁,DARLIE 好来(原黑人)专研护龈 清火·五色植萃牙膏120g 改善牙龈红肿 ,21.9,14.0,京东（员工活动）
日用杂品/卫浴用品/口腔护理及清洁,欧乐B专业护龈舒敏特有亚锡成分清新口气多效抗敏感牙膏140g ,29.9,25.0,京东（员工活动）
日用杂品/清洁用品/衣服护理及清洁,超能 植沐悦色洗衣凝珠180g（18颗）三腔 护衣防串色 8倍洁净力,39.9,37.43,京东（员工活动）
日用杂品/清洁用品/衣服护理及清洁,卫新心心3合1留香洗衣珠薰衣草10ml*50粒 洗衣凝珠浓缩洗衣液 洗衣球,59.9,39.5,京东（员工活动）
日用杂品/卫浴用品/口腔护理及清洁,京东京造 益生菌儿童牙膏 草莓葡萄70g 3-12岁适用 儿童防蛀护龈健齿 ,9.9,9.2,京东（员工活动）
日用杂品/卫浴用品/口腔护理及清洁,狮王（Lion）细齿洁牙龈倍护软毛牙刷孕妇牙刷高密植毛减压护龈颜色随机发货,13.8,11.0,京东（员工活动）
日用杂品/卫浴用品/口腔护理及清洁,佳洁士天鹅绒静谧蓝护龈牙刷小宽头超细软毛成人单支装深洁齿缝 ,13.0,11.0,京东（员工活动）
日用杂品/卫浴用品/口腔护理及清洁,佳洁士香氛锁白小白管美白去黄牙膏 清新口气（清新雪樱香)120g ,19.9,13.9,京东（员工活动）
日用杂品/卫浴用品/口腔护理及清洁,花王（KAO）牙膏 去牙垢清新口气165g薄荷味,14.9,13.98,京东（员工活动）
日用杂品/卫浴用品/口腔护理及清洁,高露洁6岁以上儿童牙膏70g（天然草莓薄荷口味）换牙期洁白防蛀健齿 ,29.9,20.9,京东（员工活动）
日用杂品/卫浴用品/口腔护理及清洁,狮王(Lion) 儿童牙膏龋克菲check-up含氟防蛀 换牙期3-12岁草莓味60g,26.9,25.24,京东（员工活动）
日用杂品/卫浴用品/口腔护理及清洁,佳洁士细毛护龈牙刷小宽头超细软毛天鹅绒牙刷成人6支超值装深洁齿缝,46.9,42.0,京东（员工活动）
日用杂品/清洁用品/衣服护理及清洁,CHANTECLAIR大公鸡管家 衣领净强力去污去黄喷雾型去渍剂衣物袖口除渍净500ml,59.0,55.0,京东（员工活动）
日用杂品/卫浴用品/口腔护理及清洁,佳洁士强根固齿牙膏清新口气 140g清爽薄荷含氟防蛀,4.9,3.0,京东（员工活动）
日用杂品/清洁用品/生活用纸,妮飘（Nepia）柔韧库洛米卫生纸巾3层100抽*20包 抽取式面巾纸餐巾纸,62.9,59.01,京东（员工活动）
日用杂品/清洁用品/生活用纸,清风抽纸 原木纯品3层120抽*30包 亲肤无刺激 卫生纸 餐巾纸巾 整箱,63.0,59.1,京东（员工活动）
日用杂品/清洁用品/生活用纸,维达（Vinda）抽纸 棉韧100抽*24包M码 亲肤无刺激 卫生纸 纸巾 餐巾纸 整箱,69.9,65.57,京东（员工活动）
日用杂品/清洁用品/生活用纸,洁柔抽纸 粉Face柔韧3层135抽面巾纸*18包  L号百花香味纸巾,79.9,66.4,京东（员工活动）
日用杂品/清洁用品/生活用纸,洁柔抽纸 油画Face 加厚4层90抽面巾纸*16包(L号 可湿水樱花主题纸巾),85.9,66.4,京东（员工活动）
日用杂品/清洁用品/生活用纸,无染(wuro)本色抽纸 竹纤维纸巾柔韧4层加厚392张20包面巾纸餐巾纸孕婴儿竹浆卫生纸整箱,76.9,72.14,京东（员工活动）
日用杂品/清洁用品/生活用纸,洁云（Hygienix）抽纸 绒触感纸巾3层150抽软抽面巾纸 6包装新升级（新老包装随机发货）,19.9,12.9,京东（员工活动）
日用杂品/清洁用品/生活用纸,维达（Vinda）抽纸 超韧100抽*3包M码 湿水不易破 盒抽 卫生纸 纸巾 餐巾纸 ,13.9,13.04,京东（员工活动）
日用杂品/清洁用品/生活用纸,妮飘（Nepia）HelloKitty凯蒂星空抽纸 软抽面巾纸 家用实惠装M码3层130抽*6包,22.9,19.0,京东（员工活动）
日用杂品/清洁用品/生活用纸,1号会员店（One's Member）四层保湿因子抽纸 宝宝超柔加厚面巾纸 30抽*16包,36.2,33.1,京东（员工活动）
劳保 安防 消防/劳动保护/口罩,CACUSS防晒口罩女防紫外线夏季遮阳冰丝户外防晒面罩透气FS220049黑色,59.0,54.28,京东（员工活动）
劳保 安防 消防/劳动保护/口罩,蕉下（beneunder）脸基尼女全脸防晒面罩防晒口罩防紫外线【全脸防晒】深黛灰,79.0,55.0,京东（员工活动）
劳保 安防 消防/劳动保护/口罩,蕉下（beneunder）腮红防晒口罩女防晒面罩防紫外线护眼角【经典腮红】烟粉豆沙,79.0,55.0,京东（员工活动）
劳保 安防 消防/劳动保护/口罩,蕉下（beneunder）腮红防晒口罩女防晒面罩防紫外线护眼角【经典腮红】元气蜜桃,79.0,55.0,京东（员工活动）
劳保 安防 消防/劳动保护/口罩,UV100UV100防晒口罩女防紫外线遮阳加大护眼角立体面罩21564 暗夜黑,69.0,63.48,京东（员工活动）
劳保 安防 消防/劳动保护/口罩,桑尚真丝防晒口罩UPF50+立体亲肤透气100%桑蚕丝口罩 经典黑 ,78.0,71.76,京东（员工活动）
劳保 安防 消防/劳动保护/口罩,OhSunny腮红口罩防晒口罩女防晒面罩防紫外线 SLF4M032T 蜜桃橘 M ,79.0,72.68,京东（员工活动）
劳保 安防 消防/劳动保护/口罩,【周杰伦推荐】蕉下口罩防晒口罩女防晒面罩防紫外线口罩米月白,129.0,95.0,京东（员工活动）
劳保 安防 消防/劳动保护/口罩,OhSunny防晒口罩夏女透气护眼角防紫外线防晒面罩男 SLN4M014T 云朵粉 M ,44.0,40.48,京东（员工活动）
劳保 安防 消防/劳动保护/口罩,蕉下（beneunder）防晒口罩女全脸防晒面罩防紫外线口罩【经典款】柔雾粉,69.0,45.0,京东（员工活动）
日用杂品/卫浴用品/口腔护理及清洁,和风雨男士小苏打牙膏薄荷按压式220g（清新口气 黄牙烟渍牙垢净亮 护龈健齿）,59.9,56.19,京东（员工活动）
日用杂品/清洁用品/衣服护理及清洁,网易严选 三合一香氛洗衣凝珠 50颗装 柔顺洁净留香 浓缩洗衣液 洗衣珠,64.9,56.91,京东（员工活动）
日用杂品/卫浴用品/口腔护理及清洁,佳洁士儿童牙膏科学含氟防蛀【6-12岁】换牙期冰雪奇缘款草莓味90g*2,25.9,24.3,京东（员工活动）
日用杂品/卫浴用品/口腔护理及清洁,狮王细齿洁宽薄抗敏护龈牙刷4支宽头48孔成人牙刷缓解敏感减少出血,79.2,74.29,京东（员工活动）
日用杂品/卫浴用品/口腔护理及清洁,狮王（Lion）细齿洁宽薄火山炭软毛牙刷宽头61孔成人牙刷4支刷净智齿,79.2,74.29,京东（员工活动）
日用杂品/卫浴用品/口腔护理及清洁,皓乐齿（Ora2）亮白净色牙膏经典惠享装（鲜桃+薄荷+玫瑰+茉莉+樱花),132.9,113.1,京东（员工活动）
日用杂品/清洁用品/衣服护理及清洁,卫新心心香水洗衣凝珠玫瑰180粒（30粒*6盒）抑菌除螨 留香持久,108.9,79.0,京东（员工活动）
日用杂品/卫浴用品/口腔护理及清洁,媄施（Meishi）66孔超宽头软毛牙刷 超柔软超舒适成人牙刷 情侣家庭组合（2支装）,5.9,5.54,京东（员工活动）
日用杂品/卫浴用品/口腔护理及清洁,冷酸灵小系列抗敏感牙膏（小冰柠）100克 清洁牙齿 清新口气,69.9,7.8,京东（员工活动）
劳保 安防 消防/劳动保护/口罩,CACUSS防晒口罩女防紫外线夏季遮阳冰丝户外防晒面罩透气FS220049粉色,59.0,54.28,京东（员工活动）
劳保 安防 消防/劳动保护/口罩,浪莎防晒口罩女防晒面罩防紫外线口罩护眼角全脸冰丝凉感男女同款,49.0,45.08,京东（员工活动）
劳保 安防 消防/头部防护用品及配件/普通工作帽,俞兆林（YUZHAOLIN）遮阳帽女士夏季防晒帽太阳帽空顶帽户外防紫外线帽子 奶茶杏,49.0,45.08,京东（员工活动）
劳保 安防 消防/头部防护用品及配件/普通工作帽,MISSION UV防晒帽女士遮阳帽空顶帽夏季防紫外线帽子女草帽太阳帽凉帽MU018i,49.0,45.08,京东（员工活动）
劳保 安防 消防/头部防护用品及配件/普通工作帽,啄木鸟（TUCANO）黑胶防晒帽子女夏季户外防紫外线遮阳帽渔夫帽百搭太阳帽23103,59.0,54.28,京东（员工活动）
劳保 安防 消防/劳动保护/口罩,蕉下（beneunder）立体防晒口罩女冰丝防晒面罩防紫外线护眼角冰川灰,79.0,55.0,京东（员工活动）
劳保 安防 消防/头部防护用品及配件/普通工作帽,MISSION UV 防晒帽女士遮阳帽空顶帽夏季户外防紫外线帽子女贝壳帽太阳帽沙滩帽凉帽 MU027 米蓝色 ,69.0,62.0,京东（员工活动）
劳保 安防 消防/劳动保护/口罩,UV100防晒口罩女春夏防紫外线男护眼角遮阳透气防晒面罩21396暗夜黑,69.0,63.48,京东（员工活动）
劳保 安防 消防/头部防护用品及配件/普通工作帽,FitonTon遮阳帽女防晒帽太阳帽夏季渔夫帽凉帽加宽帽檐透气户外百搭运动帽,69.0,63.48,京东（员工活动）
劳保 安防 消防/头部防护用品及配件/普通工作帽,MISSION UV遮阳帽渔夫帽男士夏季防紫外线登山太阳帽钓鱼帽防晒帽子男MU002,69.0,63.48,京东（员工活动）
劳保 安防 消防/头部防护用品及配件/普通工作帽,CACUSS帽子男女夏季防紫外线渔夫帽潮流情侣防晒遮阳帽PM220006黑色中号,79.0,69.0,京东（员工活动）
劳保 安防 消防/头部防护用品及配件/普通工作帽,JINGPEI 防晒帽男遮阳帽子男夏季户外防紫外线速干透气登山钓鱼帽 男士加大帽围半网遮阳帽 深灰 ,89.0,69.0,京东（员工活动）
劳保 安防 消防/劳动保护/口罩,OhSunny腮红口罩防晒口罩女防晒面罩防紫外线 SLF4M032T 纯欲粉 M ,79.0,72.68,京东（员工活动）
劳保 安防 消防/头部防护用品及配件/普通工作帽,京配JINGPEI防晒帽遮阳帽男防紫外线太阳帽户外登山钓鱼帽渔夫帽 深灰,79.0,72.68,京东（员工活动）
劳保 安防 消防/头部防护用品及配件/普通工作帽,CACUSSPM094棉质帽子男女士遮阳帽水桶帽防晒帽防紫外线渔夫帽卡其中号,89.0,77.0,京东（员工活动）
劳保 安防 消防/头部防护用品及配件/普通工作帽,玖慕（JIUMU）遮阳帽渔夫帽女士夏季户外防紫外线太阳帽沙滩帽凉帽防晒帽子女 CW016 藏青色,89.0,81.88,京东（员工活动）
劳保 安防 消防/劳动保护/口罩,南极人防晒面罩女夏薄透气户外骑行护颈遮阳防尘全脸遮脸冰丝面罩N2E9X839522 灰色,29.0,23.0,京东（员工活动）
劳保 安防 消防/劳动保护/口罩,卡帝乐鳄鱼口罩女夏季防晒面罩轻薄透气冰丝防晒口罩护眼角可水洗防尘口罩C398C839762 灰色,29.0,24.0,京东（员工活动）
劳保 安防 消防/劳动保护/口罩,京东京造 口罩防晒口罩男女同款防紫外线口罩女全脸防晒面罩冰丝凉感 灰色,28.9,26.59,京东（员工活动）
劳保 安防 消防/劳动保护/口罩,浪莎防晒口罩面罩女夏季遮阳冰丝护颈轻薄透气户外骑行出游护颈口罩LSSQ-A045-3971 浅粉色,29.0,26.68,京东（员工活动）
劳保 安防 消防/劳动保护/口罩,OhSunny防晒口罩夏女透气护眼角防紫外线防晒面罩男 SLN4M259T 暗夜黑 M ,35.0,32.2,京东（员工活动）
劳保 安防 消防/劳动保护/口罩,京配JINGPEI防晒口罩女防晒面罩防紫外线口罩男透气护眼角 北极灰,39.0,35.88,京东（员工活动）
劳保 安防 消防/劳动保护/口罩,OhSunny防晒口罩夏女透气护眼角防紫外线防晒面罩男 SLN4M014T 云霜灰 M ,44.0,40.48,京东（员工活动）
劳保 安防 消防/劳动保护/口罩,OhSunny防晒口罩夏女透气护眼角防紫外线防晒面罩男 SLN4M014T 素影灰 M ,44.0,40.48,京东（员工活动）
劳保 安防 消防/劳动保护/口罩,OhSunny防晒口罩夏女透气护眼角防紫外线防晒面罩男 SLN4M014T 薄雾蓝 M ,44.0,40.48,京东（员工活动）
劳保 安防 消防/劳动保护/口罩,玖慕冰丝防晒面罩全脸口罩男女骑行开车防紫外线遮阳面纱护颈MM008,49.0,44.0,京东（员工活动）
劳保 安防 消防/劳动保护/口罩,蕉下（beneunder）防晒口罩女全脸防晒面罩防紫外线口罩【经典款】浅藤紫-云碳黑,69.0,45.0,京东（员工活动）
劳保 安防 消防/劳动保护/口罩,【周杰伦推荐】蕉下面罩防晒面罩动物2色（30只/盒）M,69.0,45.0,京东（员工活动）
劳保 安防 消防/劳动保护/口罩,VVC韩国夏季防晒口罩面罩女遮眼角护颈全脸罩凉感薄款透气防紫外线遮阳面纱 丁香紫/ 均码,55.0,50.6,京东（员工活动）
劳保 安防 消防/头部防护用品及配件/普通工作帽,俞兆林遮阳帽男夏季防晒帽男士太阳帽遮阳帽子防晒透气帽Y22MZ26871 大帽檐-浅灰色 ,35.0,31.0,京东（员工活动）
劳保 安防 消防/头部防护用品及配件/普通工作帽,啄木鸟 渔夫帽女夏韩版潮日系双面遮脸帽子大沿防晒帽遮阳帽 橙/黑,49.0,42.0,京东（员工活动）
劳保 安防 消防/头部防护用品及配件/普通工作帽,啄木鸟遮阳帽渔夫帽女士夏季防紫外线海边沙滩帽防晒帽帽子女 蓝/米,49.0,42.0,京东（员工活动）
劳保 安防 消防/头部防护用品及配件/普通工作帽,啄木鸟遮阳帽渔夫帽女士夏季防紫外线海边沙滩帽防晒帽帽子女 黄/黑,49.0,42.0,京东（员工活动）
劳保 安防 消防/头部防护用品及配件/普通工作帽,卡帝乐鳄鱼（CARTELO）网红同款帽子女春夏季防晒帽遮阳帽日系渔夫帽出游太阳帽 卡其色 ,49.0,44.0,京东（员工活动）
劳保 安防 消防/头部防护用品及配件/普通工作帽,啄木鸟（TUCANO）防晒帽子女夏季黑胶防紫外线户外贝壳帽空顶帽太阳帽遮阳帽19099,49.0,45.08,京东（员工活动）
劳保 安防 消防/头部防护用品及配件/普通工作帽,啄木鸟 遮阳帽子女户外夏天防晒帽空顶帽骑车遮脸韩版百搭大沿凉太阳帽 卡其 ,49.0,45.08,京东（员工活动）
劳保 安防 消防/头部防护用品及配件/普通工作帽,啄木鸟（TUCANO）遮阳帽渔夫帽女士夏季防紫外线太阳帽沙滩帽防晒帽子女 黑米,59.0,52.0,京东（员工活动）
劳保 安防 消防/头部防护用品及配件/普通工作帽,卡帝乐鳄鱼（CARTELO）遮阳帽女士防晒帽空顶帽夏季防紫外线帽子男太阳帽沙滩帽 白色,59.0,53.0,京东（员工活动）
劳保 安防 消防/头部防护用品及配件/普通工作帽,GLO-STORY 遮阳帽男 户外渔夫帽帽子MMZ824248 深灰色,59.0,53.0,京东（员工活动）
劳保 安防 消防/头部防护用品及配件/普通工作帽,FitonTon遮阳帽女防紫外线空顶帽子户外骑车出游防晒凉帽沙滩百搭太阳帽子,59.0,54.28,京东（员工活动）
劳保 安防 消防/头部防护用品及配件/普通工作帽,MISSION UV黑胶防晒帽女士遮阳帽渔夫帽夏季防紫外线帽子女草帽太阳帽MU015i,69.0,63.48,京东（员工活动）
劳保 安防 消防/头部防护用品及配件/普通工作帽,杜森纳（DUSENNA）空顶帽女双面冰丝防晒帽女加大帽檐遮阳帽子女可调节  奶茶杏,79.0,72.68,京东（员工活动）
劳保 安防 消防/头部防护用品及配件/普通工作帽,CACUSSPM094棉质帽子男女士遮阳帽水桶帽防晒帽防紫外线渔夫帽黑色大号,89.0,77.0,京东（员工活动）
劳保 安防 消防/头部防护用品及配件/普通工作帽,蕉下（beneunder）防晒帽遮阳帽女帽子太阳帽遮脸防紫外线天际空顶帽曜石黑,149.0,125.0,京东（员工活动）
劳保 安防 消防/头部防护用品及配件/普通工作帽,蕉下（beneunder）防晒帽遮阳帽女帽子太阳帽大帽檐防紫外线空顶帽纭际贝壳帽轻烟粉,179.0,164.68,京东（员工活动）
劳保 安防 消防/头部防护用品及配件/普通工作帽,蕉下（beneunder）防晒帽女遮阳帽双面渔夫帽男太阳帽子大帽檐防紫外线天湖蓝-灰,199.0,165.0,京东（员工活动）
劳保 安防 消防/头部防护用品及配件/普通工作帽,蕉下飘带帽渔夫帽女防晒帽黑胶遮阳帽太阳帽遮脸防紫外线奶霜紫,199.0,165.0,京东（员工活动）
劳保 安防 消防/头部防护用品及配件/普通工作帽,蕉下（beneunder）防晒帽遮阳帽女帽子太阳帽大帽檐防紫外线丝绒黑胶贝壳帽北欧灰,249.0,195.0,京东（员工活动）
劳保 安防 消防/头部防护用品及配件/普通工作帽,啄木鸟（TUCANO）遮阳帽子男夏季大檐垂钓防晒帽户外登山防紫外线太阳帽遮脸渔夫帽,36.0,33.12,京东（员工活动）
劳保 安防 消防/头部防护用品及配件/普通工作帽,北极绒（Bejirog）防晒帽女士遮阳帽子夏季贝壳帽户外防紫外线空顶太阳帽,39.0,35.88,京东（员工活动）
劳保 安防 消防/头部防护用品及配件/普通工作帽,南极人（Nanjiren）防晒帽女遮阳帽夏户外太阳帽防紫外线渔夫帽空顶透气帽 奶杏色,39.0,35.88,京东（员工活动）
日用杂品/家居用品/其他家居用品,蕉下 双层小黑伞系列三折伞大花B太阳伞防紫外线防晒折叠晴雨伞遮阳伞 落葵,219.0,169.0,京东（员工活动）
日用杂品/家居用品/其他家居用品,蕉下太阳伞小巧便携折叠两用晴雨伞女遮阳防晒迷你防紫外线伞日系纸意系列五折伞 雾矢粉,219.0,182.0,京东（员工活动）
日用杂品/家居用品/其他家居用品,玛丽亚.古琦 MARJA KURKI 三折伞 晴雨两用防晒自动开收遮阳伞女 黑胶羽毛的旋律9JJ632112 粉色,488.0,198.0,京东（员工活动）
日用杂品/家居用品/其他家居用品,蕉下太阳伞防紫外线雨伞户外防晒遮阳伞折叠伞晴雨两用迷你扁伞 随身系列五折扁伞 藕荷粉,249.0,199.0,京东（员工活动）
日用杂品/家居用品/其他家居用品,蕉下太阳伞防紫外线雨伞户外防晒遮阳伞折叠伞晴雨两用迷你扁伞 随身系列五折扁伞 羽扇蓝,249.0,199.0,京东（员工活动）
日用杂品/家居用品/其他家居用品,蕉下太阳伞防紫外线雨伞户外防晒遮阳伞折叠伞晴雨两用迷你扁伞 随身系列五折扁伞 淡寂红,249.0,199.0,京东（员工活动）
日用杂品/家居用品/其他家居用品,天堂伞 黑胶加大加固61cm*10骨三折晴雨伞33188E兰灰色,45.9,39.5,京东（员工活动）
日用杂品/家居用品/其他家居用品,亿美 imate YMS-272 小碎花黑胶碰喜布伞（把） 紫色,54.0,51.3,京东（员工活动）
日用杂品/家居用品/其他家居用品,天堂伞 MINI口袋伞 五折防晒遮阳伞 晴雨两用 小巧便携 53060 天蓝 219g,67.0,58.0,京东（员工活动）
日用杂品/家居用品/其他家居用品,JOY STUDIO 三折变色晴雨伞,68.0,64.6,京东（员工活动）
劳保 安防 消防/头部防护用品及配件/普通工作帽,俞兆林帽子男渔夫帽女四季款帽子女士渔夫帽男士帽子Y22MZ25103 黑色,39.0,35.0,京东（员工活动）
日用杂品/卫浴用品/面部护理及清洁,优色林（Eucerin）舒安清润保湿洁肤液 100ml  温和洗卸养 维稳敏感肌 面部护肤品,62.0,58.16,京东（员工活动）
日用杂品/卫浴用品/面部护理及清洁,溪木源山茶花氨基酸洁面慕斯洗面奶 敏感肌深层清洁温和控油保湿洁面乳,89.0,59.0,京东（员工活动）
日用杂品/卫浴用品/面部护理及清洁,水密码海泉深透精华乳液120ml补水保湿滋养提拉紧致,69.0,62.0,京东（员工活动）
劳保 安防 消防/头部防护用品及配件/普通工作帽,蕉下贝壳防晒帽发箍遮阳两用帽夏季日常户外防紫外线便携帽子 浅灰褐,159.0,116.0,京东（员工活动）
劳保 安防 消防/头部防护用品及配件/普通工作帽,蕉下贝壳防晒帽发箍遮阳两用帽夏季日常户外防紫外线便携帽子 奶油橘,159.0,116.0,京东（员工活动）
劳保 安防 消防/头部防护用品及配件/普通工作帽,蕉下贝壳防晒帽发箍遮阳两用帽夏季日常户外防紫外线便携帽子 奶贝紫,159.0,116.0,京东（员工活动）
劳保 安防 消防/头部防护用品及配件/普通工作帽,蕉下遮阳帽渔夫帽防紫外线时律-双面 漫雾灰 / 挚米白,139.0,119.0,京东（员工活动）
劳保 安防 消防/头部防护用品及配件/普通工作帽,蕉下双面防晒延空渔夫帽防紫外线户外百搭舒适遮阳帽 橘子酱/浅橘色 ,179.0,129.0,京东（员工活动）
劳保 安防 消防/头部防护用品及配件/普通工作帽,蕉下遮阳帽女渔夫帽防晒帽双面透气UPF50+加宽帽檐穹顶系列 均码 姜黄色/黑色,179.0,139.0,京东（员工活动）
劳保 安防 消防/头部防护用品及配件/普通工作帽,蕉下【周杰伦推荐】飘带帽渔夫帽防晒帽遮阳帽女太阳帽子深谧蓝,179.0,139.0,京东（员工活动）
劳保 安防 消防/头部防护用品及配件/普通工作帽,蕉下遮阳帽防紫外线加宽帽檐可调节沙滩帽 天际系列防晒帽 浅菘蓝 ,179.0,112.0,京东（员工活动）
劳保 安防 消防/头部防护用品及配件/普通工作帽,蕉下贝壳防晒帽发箍遮阳两用帽夏季日常户外防紫外线便携帽子 奶霜粉,159.0,116.0,京东（员工活动）
日用杂品/卫浴用品/面部护理及清洁,肌研深层洁净洁面乳100g 缓解痘肌 控油去油减少黑头 洗面奶女,19.9,17.9,京东（员工活动）
日用杂品/卫浴用品/面部护理及清洁,欧贝斯 男士洗面奶活炭净爽洁面乳130g洁面膏茶叶精华控油,24.0,22.52,京东（员工活动）
日用杂品/卫浴用品/面部护理及清洁,冰王芦荟胶清痘膏呵护痘坑淡化痘疤青春痘痘印女男士痘痘晒后保湿补水面霜产品30g,32.5,22.8,京东（员工活动）
日用杂品/卫浴用品/面部护理及清洁,韩方五谷 氨基酸洗面奶500g（保湿多效洁面乳男女 温和亲肤洁面膏）,29.9,28.05,京东（员工活动）
日用杂品/卫浴用品/面部护理及清洁,碧柔（Biore）花王碧柔（Biore）防晒乳SPF50+水活防晒凝蜜（浪漫樱花香）50g,69.0,30.48,京东（员工活动）
日用杂品/卫浴用品/面部护理及清洁,花印水漾洁净洗面乳60g(洁面 补水保湿)38节礼物送女友,39.0,33.15,京东（员工活动）
日用杂品/卫浴用品/面部护理及清洁,露得清深层净化氨基酸洁面乳100g双支套装 温和清洁保湿补水,49.0,45.0,京东（员工活动）
劳保 安防 消防/头部防护用品及配件/普通工作帽,蕉下遮阳帽女渔夫帽防晒帽双面透气UPF50+加宽帽檐穹顶系列 均码  暖阳黄/米色,179.0,139.0,京东（员工活动）
劳保 安防 消防/头部防护用品及配件/普通工作帽,蕉下（beneunder）防晒帽遮阳帽女帽子太阳帽大帽檐防紫外线空顶帽黑胶贝壳帽芋灰粉,229.0,189.0,京东（员工活动）
劳保 安防 消防/头部防护用品及配件/普通工作帽,MISSION UV 防晒帽女士遮阳帽空顶帽夏季户外防紫外线帽子女太阳帽沙滩帽凉帽 MU017 米色,49.0,45.08,京东（员工活动）
日用杂品/卫浴用品/面部护理及清洁,Mistine（蜜丝婷）氨基酸洗面奶温和控油洁面乳120g 细致毛孔洗面奶,69.0,55.0,京东（员工活动）
劳保 安防 消防/头部防护用品及配件/普通工作帽,JINGPEI 遮阳帽男户外防晒帽子男女夏天大檐登山速干透气钓鱼渔夫帽男士太阳帽 男士防泼水遮阳帽 军绿色,69.0,59.0,京东（员工活动）
劳保 安防 消防/头部防护用品及配件/普通工作帽,蕉下（beneunder）防晒帽女遮阳帽渔夫帽男帽子太阳帽防紫外线栖原月凝灰,99.0,69.0,京东（员工活动）
日用杂品/卫浴用品/面部护理及清洁,碧柔（Biore）氨基酸洁面泡泡洗面奶 男女深层清洁 保湿型洁面洗面奶 160ml*2,81.8,76.73,京东（员工活动）
日用杂品/卫浴用品/面部护理及清洁,芭妮兰（banila co）拥抱阳光防晒精华SPF50+ PA++++ 50ml（妆前修颜 ）,89.0,83.49,京东（员工活动）
劳保 安防 消防/头部防护用品及配件/普通工作帽,蕉下遮阳帽防紫外线加宽帽檐可调节沙滩帽 天际系列防晒帽 雾霾蓝 ,179.0,112.0,京东（员工活动）
日用杂品/卫浴用品/面部护理及清洁,安热沙酷爽泡泡晒喷雾60g 补水保湿 高倍耐晒 凉爽肤感 ,138.0,128.0,京东（员工活动）
日用杂品/卫浴用品/面部护理及清洁,适乐肤（CeraVe）泡沫净颜洁面啫喱88ml(男女油性敏感肌氨基酸洗面奶)【入会专享】,68.0,63.79,京东（员工活动）
劳保 安防 消防/头部防护用品及配件/普通工作帽,牧尔西遮阳帽女防晒帽子夏季女神渔夫帽百搭太阳帽大檐空顶帽 暮色黑,99.0,91.08,京东（员工活动）
劳保 安防 消防/头部防护用品及配件/普通工作帽,VVC韩国儿童遮阳帽夏季女神帽户外百搭太阳帽遮脸防紫外线防晒帽子 粉色,178.0,163.76,京东（员工活动）
日用杂品/卫浴用品/面部护理及清洁,亮荘净爽控油洁面乳100ml（清洁毛孔 去除油光）,9.9,9.29,京东（员工活动）
日用杂品/卫浴用品/面部护理及清洁,雅芳 AVON 大米豆乳洁面乳洗面奶150g补水保湿深层清洁亮采 ,19.9,18.67,京东（员工活动）
日用杂品/卫浴用品/面部护理及清洁,旁氏（POND'S）洗面奶 粉润莹泽120g 烟酰胺洁面乳男女去角质,25.8,17.5,京东（员工活动）
日用杂品/卫浴用品/身体护理及清洁,滴露Dettol健康洗手液滋润倍护250g HelloKitty版 ,14.9,10.9,京东（员工活动）
日用杂品/卫浴用品/身体护理及清洁,lifebuoy卫宝抑菌洗手液 清爽柠檬 滋润温和400g 1瓶 99.99%抑制变异细菌,14.9,13.98,京东（员工活动）
日用杂品/卫浴用品/身体护理及清洁,葆丽匙(BOLS) 免洗洗手液（不含酒精） 速干凝胶型家用儿童学生 300ml,21.0,16.5,京东（员工活动）
日用杂品/卫浴用品/身体护理及清洁,滴露（Dettol）泡沫洗手液花香型250ml 消毒抑菌99.99% 儿童适用泡泡 玻尿酸保湿,29.9,20.9,京东（员工活动）
日用杂品/卫浴用品/身体护理及清洁,滴露（Dettol）泡沫洗手液西柚250ml+青柠250ml 消毒抑菌儿童适用泡泡补充装家庭,59.8,41.9,京东（员工活动）
日用杂品/卫浴用品/身体护理及清洁,舒肤佳摇摇泡沫洗手液块 红石榴蜜瓜15g补充装 DIY洗手香皂片 便携式,54.9,49.0,京东（员工活动）
日用杂品/卫浴用品/身体护理及清洁,舒肤佳摇摇泡沫洗手液块 柠檬薰衣草15g补充装 DIY洗手香皂片便携式,54.9,49.0,京东（员工活动）
日用杂品/卫浴用品/身体护理及清洁,舒肤佳抑菌泡沫洗手液 芦荟225g*2+柠檬225g*2 健康抑菌99.9%泡沫细腻,59.9,52.9,京东（员工活动）
日用杂品/卫浴用品/身体护理及清洁,威露士健康抑菌洗手液健康呵护套装525ml瓶装*2+525ml袋装*3 抑菌99.9%,79.0,56.0,京东（员工活动）
日用杂品/卫浴用品/身体护理及清洁,滴露（Dettol）玻尿酸泡沫洗手液西柚+青柠250ml4瓶 消毒抑菌儿童适用补充装家庭,109.9,76.9,京东（员工活动）
日用杂品/卫浴用品/身体护理及清洁,舒肤佳泡沫洗手液 225g*6组合装(纯白+芦荟+柠檬+青苹果+白茶+樱花),89.9,79.9,京东（员工活动）
日用杂品/卫浴用品/身体护理及清洁,蓝月亮泡沫抑菌洗手液（天然芦荟）255ml  添加氨基酸 抑菌又保湿 ,29.9,23.5,京东（员工活动）
日用杂品/卫浴用品/身体护理及清洁,舒肤佳氨基酸泡沫洗手液 红石榴225ml 健康抑菌99.9% 泡沫细腻易冲洗,34.9,23.9,京东（员工活动）
日用杂品/清洁用品/衣服护理及清洁,奥妙亲肤皂粉柔软温和 2.2kg（椰油菁萃/牛油果菁萃 随机发货）,27.9,26.18,京东（员工活动）
日用杂品/清洁用品/衣服护理及清洁,碧浪 Ariel 洗衣凝珠强去渍 杀菌除菌抑菌根源洁净19颗18+1颗/盒,59.9,28.95,京东（员工活动）
日用杂品/清洁用品/衣服护理及清洁,汰渍洁净透亮除菌香味持久清雅茉莉香洗衣粉6斤家庭装,34.9,30.0,京东（员工活动）
日用杂品/清洁用品/衣服护理及清洁,当妮 洗衣凝珠柔顺洁净留香淡雅罗兰香两腔洗衣凝珠 26颗/盒,43.9,37.95,京东（员工活动）
日用杂品/清洁用品/衣服护理及清洁,洁霸（ATTACK）深层去渍无磷洗衣粉 3.5kg 洗衣粉 3.5kg,50.8,38.1,京东（员工活动）
日用杂品/清洁用品/衣服护理及清洁,汰渍除螨亮白柔护持久留香淡雅薰香洗衣粉天然皂粉6.4斤家庭装,49.9,39.0,京东（员工活动）
日用杂品/卫浴用品/口腔护理及清洁,中华(Zhonghua)健齿白牙膏 小苏打炫动果香200g,6.6,6.2,京东（员工活动）
日用杂品/卫浴用品/口腔护理及清洁,佳洁士3D炫白双效牙膏120克牙齿亮白含氟防蛀固齿淡黄清新口气,12.9,6.8,京东（员工活动）
日用杂品/卫浴用品/口腔护理及清洁,中华(Zhonghua)魔丽迅白牙膏 酷爽薄荷100g 新老包装随机,8.8,8.0,京东（员工活动）
日用杂品/卫浴用品/口腔护理及清洁,佳洁士专研全优7效快速抗敏牙膏40g根源解决牙齿敏感保护牙龈脱敏牙膏,9.9,8.8,京东（员工活动）
日用杂品/清洁用品/衣服护理及清洁,奥妙洗衣粉 淡雅樱花（含金纺馨香精华） 1100g（新老包装随机发货）,12.0,11.26,京东（员工活动）
日用杂品/卫浴用品/身体护理及清洁,消冠 抗菌洗手液（滴露抑菌）500g 抑菌99.9% 亲肤弱酸性,19.9,13.9,京东（员工活动）
日用杂品/清洁用品/衣服护理及清洁,OVDL 3合1洗衣凝珠 八倍洁净浓缩洗衣液三效合一洁净柔顺持久留香洗衣珠洗衣球15粒装,14.9,13.98,京东（员工活动）
日用杂品/清洁用品/衣服护理及清洁,雕牌 超效加酶洗衣粉560g*12 茉莉清香 无磷 去渍 去污（包装随机发,69.9,55.92,京东（员工活动）
日用杂品/清洁用品/衣服护理及清洁,碧浪 X京东PLUS会员联名款 洗衣凝珠强去渍除菌抑菌除螨38颗,129.9,80.3,京东（员工活动）
日用杂品/清洁用品/生活用纸,斑布功夫熊猫系列4层8片*18包手帕纸BGPP0818（18包）典藏手帕纸抽纸纸巾囤货量贩装,19.9,13.2,京东（员工活动）
日用杂品/清洁用品/生活用纸,心相印抽纸餐巾纸金装经典系列 100抽3层塑装纸面巾 24包/箱 DT55100,49.9,46.81,京东（员工活动）
日用杂品/清洁用品/生活用纸,斑布（BABO）3层有芯卷纸 140g*27卷/箱装 本色卷纸家用家庭装卫生纸,79.9,74.95,京东（员工活动）
日用杂品/卫浴用品/身体护理及清洁,多芬 植萃沐浴露+洗发水套装 玫瑰植萃甄选滋养沐浴乳500g+樱花香植萃柔顺盈润洗发露470ml,88.0,82.55,京东（员工活动）
日用杂品/清洁用品/衣服护理及清洁,奥妙白桃护色洗衣凝珠100颗洗衣球 除菌除螨 柔顺留香 浓缩（单色）2盒x400G自然工坊,103.5,87.0,京东（员工活动）
日用杂品/清洁用品/衣服护理及清洁,奥妙 洗衣凝珠礼包（白茶除菌400G+白桃护色400G+樱花甜香柔护400G）方便好用洁净除菌又护色,239.0,136.0,京东（员工活动）
日用杂品/卫浴用品/身体护理及清洁,凡士林果酸精华身体乳润肤露250ml+护肤沐浴露500ml 身体护理套装 补水保湿滋润,148.0,138.83,京东（员工活动）
日用杂品/清洁用品/衣服护理及清洁,奥妙除菌除螨洗衣液套装11.2斤  樱花甜香柔护洗衣凝珠 (400G)*2+衣物除菌液1KG*2+洗衣液1KG*2+400G(袋装)*2,200.0,187.6,京东（员工活动）
日用杂品/清洁用品/生活用纸,酷帕季铵盐消毒湿巾便携装20片10包装居家办公消毒湿巾,39.0,35.0,京东（员工活动）
日用杂品/卫浴用品/身体护理及清洁,力士 植萃精油香氛沐浴露 夜皇后仙人掌香550G 温和清洁呵护肌肤补水保湿长效留香家用装,44.9,39.9,京东（员工活动）
日用杂品/清洁用品/生活用纸,酷帕厨房除污湿巾清洁湿纸巾40抽厨房专用4包装,56.0,49.0,京东（员工活动）
日用杂品/清洁用品/衣服护理及清洁,奥妙 樱花甜香柔护 洗衣凝珠 50颗（8g×50颗）400G 除菌除螨 柔顺柔软 持久留香 浓缩,79.9,49.9,京东（员工活动）
日用杂品/清洁用品/衣服护理及清洁,安洁 香氛洗衣液1.08kg*2+除菌洗衣液500g,89.0,53.0,京东（员工活动）
日用杂品/卫浴用品/身体护理及清洁,力士(LUX)植萃精油香氛沐浴露 樱花香 750G 温和清洁呵护肌肤持久留香,59.9,56.19,京东（员工活动）
日用杂品/清洁用品/衣服护理及清洁, 蓝月亮 洗衣液10斤套装（薰衣草亮白洗衣液4kg+手洗神器500g*2+旅行装80g*2）,138.0,118.0,京东（员工活动）
日用杂品/清洁用品/衣服护理及清洁,蓝月亮 亮白增艳洗衣液2kg*1+补充装1kg*6 薰衣草香 ,159.0,146.0,京东（员工活动）
日用杂品/清洁用品/衣服护理及清洁,蓝月亮 深层洁净洗衣液2公斤装 薰衣草洁净洗衣液1kg*2瓶 护衣护色低泡易漂 深层洁净强效去污,38.0,34.8,京东（员工活动）
日用杂品/清洁用品/衣服护理及清洁,芭菲芭菲内衣裤专用99.9%专业生理期有效抑菌女士内衣专用洗衣液350g,25.9,19.9,京东（员工活动）
日用杂品/清洁用品/衣服护理及清洁,奇强（keon）4斤装超强洁净薰衣草香洁净洗衣液2kg/瓶整装洗衣护衣机洗水洗长久留香低泡易漂不伤手,22.9,21.49,京东（员工活动）
日用杂品/清洁用品/衣服护理及清洁,立白小苍兰香氛洗衣液 持久留香 祛味洁净 柔顺护衣 手洗机洗 2kg,59.9,23.9,京东（员工活动）
日用杂品/清洁用品/衣服护理及清洁,芭菲洗衣液深层洁净持久留香柔顺护色洗衣液 桂花 香氛1.9kg,32.9,25.9,京东（员工活动）
日用杂品/清洁用品/衣服护理及清洁,花王（KAO）洗衣液 机洗手洗 内衣内裤洗衣液 持久留香 补充装690g,48.9,27.0,京东（员工活动）
日用杂品/清洁用品/衣服护理及清洁,奇强（keon）8斤装深层亮白去渍洗衣粉4kg/袋百合花香 无磷低泡易漂不伤手护衣护色 大袋特惠装洗机洗适用,34.9,32.74,京东（员工活动）
日用杂品/清洁用品/衣服护理及清洁,网易严选洗衣凝珠100颗 99%除螨抑菌洁净柔顺 洗衣珠 洗衣球 留香珠,64.9,38.0,京东（员工活动）
日用杂品/清洁用品/衣服护理及清洁,芭菲洗衣液亮白增艳深层洁净 炫白配方薰衣草香5.76斤实惠装,45.9,39.9,京东（员工活动）
日用杂品/清洁用品/衣服护理及清洁,花王（KAO）洗衣液袋装 机洗手洗洗衣液  香味持久 内衣内裤 可用 超浓缩洗衣液 补充装 1.9KG,49.0,45.97,京东（员工活动）
日用杂品/清洁用品/衣服护理及清洁,泉立方（QUACUBIC）洗衣液片 纳米超浓缩24片/盒(去异味柔顺洁净 洗衣液 清洁),52.0,48.78,京东（员工活动）
日用杂品/清洁用品/衣服护理及清洁,洁柔薰衣草洗衣粉大袋8.5斤 香味持久家用实惠装大包整袋 2.18kg2袋装,53.8,50.47,京东（员工活动）
日用杂品/清洁用品/衣服护理及清洁,京淳 京东自有品牌 洗衣凝珠52颗 除螨抑菌洁净 浓缩洗衣液快洗无残留,59.9,56.19,京东（员工活动）
日用杂品/清洁用品/衣服护理及清洁,奥妙（OMO）除菌除螨酵素洗衣液2KG+1KG+480G*3  72小时长效抑菌 99%除菌除螨,59.9,56.19,京东（员工活动）
日用杂品/清洁用品/衣服护理及清洁,花王（KAO）一匙灵抑菌超浓缩洗衣液3kg/瓶 深层去渍 洁净留香阴干无异味,59.9,56.19,京东（员工活动）
日用杂品/清洁用品/衣服护理及清洁,Sansei三生除菌除螨洗衣液2000ml 孕妇无味洗涤剂无香精添加抑菌72小时,69.0,64.73,京东（员工活动）
日用杂品/清洁用品/衣服护理及清洁,邦护香氛洗衣液12斤（3kg瓶装*2） 持久留香柔顺防硬 小苍兰香型,109.0,102.25,京东（员工活动）
劳保 安防 消防/头部防护用品及配件/普通工作帽,蕉下遮阳帽女防晒帽男渔夫帽太阳帽子男防紫外线草帽 浅沙咖-暖杏咖,129.0,105.0,京东（员工活动）
劳保 安防 消防/头部防护用品及配件/普通工作帽,viney渔夫帽女夏季防紫外线遮阳帽男女士防晒帽时尚盆帽子女 黑米色,169.0,152.0,京东（员工活动）
劳保 安防 消防/头部防护用品及配件/普通工作帽,VVC防晒帽女防紫外线遮脸运动空顶太阳帽子遮阳帽 简约白,178.0,163.76,京东（员工活动）
劳保 安防 消防/头部防护用品及配件/普通工作帽,CACUSS防晒帽男女户外遮阳帽子防紫外线太阳帽登山钓鱼帽灰色大号H003,179.0,164.68,京东（员工活动）
劳保 安防 消防/头部防护用品及配件/普通工作帽,蕉下（beneunder）防晒帽遮阳帽女帽子太阳帽大帽檐防紫外线空顶帽纭际贝壳帽浅米色,179.0,164.68,京东（员工活动）
劳保 安防 消防/头部防护用品及配件/普通工作帽,蕉下（beneunder）蛋卷帽防晒帽遮阳帽女帽子太阳帽大帽檐防紫外线轨迹空顶帽蔷薇粉,199.0,165.0,京东（员工活动）
日用杂品/家居用品/毛巾浴巾,孚日洁玉 AAA级纯棉抑菌毛巾 超柔纱居家男女士洗脸大毛巾 1条 粉 110g/条,19.9,16.9,京东（员工活动）
日用杂品/家居用品/毛巾浴巾,孚日洁玉纯棉抑菌毛巾 加大加厚超柔男女士洗脸大毛巾 1条装 兰 110g/条,19.9,16.9,京东（员工活动）
日用杂品/家居用品/毛巾浴巾,洁丽雅（Grace）毛巾家纺 新疆棉洗脸巾纯棉儿童小毛巾三条装 48g/条 50*25cm 橙+黄+绿,26.9,25.02,京东（员工活动）
日用杂品/清洁用品/衣服护理及清洁,蔓珠澳洲茶树精油酵素洗衣凝珠微馨橙花25颗 母婴 除菌除螨,29.0,27.21,京东（员工活动）
日用杂品/卫浴用品/面部护理及清洁,碧柔（Biore）花王碧柔（Biore）碧柔水活防晒水润凝蜜咒战灰50g SPF50+ PA+++ ,85.0,29.83,京东（员工活动）
日用杂品/清洁用品/衣服护理及清洁,芭菲芭菲内衣洗衣液99.9%抑菌100%除螨女士专用洗衣液480g-木韵橙花,39.9,35.9,京东（员工活动）
日用杂品/卫浴用品/面部护理及清洁,同仁堂维生素e乳液 补水保湿滋润乳膏面霜 男女士春夏皮肤干燥护肤300ml,39.9,37.43,京东（员工活动）
日用杂品/卫浴用品/面部护理及清洁,曼秀雷敦（Mentholatum）乐肤洁清爽控油乳液45g（痘肌专用 舒缓修护 男女）,39.9,37.43,京东（员工活动）
日用杂品/清洁用品/衣服护理及清洁,好爸爸（Kispa）樱香柔软洗衣粉皂粉 洁净护色 香味持久 柔软亲肤手洗机洗2.008kg,39.9,37.43,京东（员工活动）
日用杂品/清洁用品/衣服护理及清洁,芭菲洗衣液强效去污抑菌洁净配方99.99%灭活细菌3kg6斤实惠装 ,45.0,39.99,京东（员工活动）
日用杂品/卫浴用品/面部护理及清洁,娜丽丝防晒喷雾140ml 鞠婧祎同款户外防晒男女士学生防晒霜防水隔离乳液,89.0,53.0,京东（员工活动）
日用杂品/卫浴用品/面部护理及清洁,古势洗面奶男士美白（补水保湿 控油抗痘 收缩毛孔去角质去黑头洁面乳）（情人节礼物）早晚洁面洗面奶150g*2,59.0,55.35,京东（员工活动）
日用杂品/卫浴用品/面部护理及清洁,理肤泉特安氨基酸洗面奶100ml补水保湿烟酰胺泡沫啫喱洁面乳护肤品礼物,99.0,92.87,京东（员工活动）
日用杂品/卫浴用品/面部护理及清洁,修正抗皱面霜 抗皱精华液提拉紧致淡化细纹法令纹护肤品生日礼物男女通用六胜肽紧实肌肤50克/瓶 到手2瓶,99.0,92.87,京东（员工活动）
日用杂品/清洁用品/衣服护理及清洁,蓝月亮 蓝月亮 运动型洗衣液2kg瓶*2（小苍兰香） 去汗味 抑菌率99.9%,99.8,93.62,京东（员工活动）
日用杂品/卫浴用品/面部护理及清洁,优时颜（UNISKIN）优能平衡洁面乳洗面奶100g*2（氨基酸洁面温和不紧绷深层清洁 ）,129.0,121.01,京东（员工活动）
日用杂品/清洁用品/衣服护理及清洁,奥妙（OMO）三合一洗衣凝珠88颗（44颗*2）洁净抑菌护衣 清新桉树香洗衣液,139.9,131.23,京东（员工活动）
日用杂品/卫浴用品/面部护理及清洁,仁和匠心洗面奶 梦蔻美白洁面乳150g 男士美白提亮清洁改善暗沉去黑头,59.0,55.35,京东（员工活动）
日用杂品/卫浴用品/面部护理及清洁,协和维生素e+c乳100ml*3 家庭装 清透面霜 身体乳 护手霜  滋润保湿,68.0,63.79,京东（员工活动）
日用杂品/卫浴用品/面部护理及清洁,半亩花田去角质啫喱深层清洁收毛孔脸部去死皮黑头面部男女士凝露150g*3,69.9,65.57,京东（员工活动）
日用杂品/卫浴用品/面部护理及清洁,悦诗风吟（Innisfree）绿茶泡沫洗面奶精粹补水保湿控油清爽清洁不易紧绷洁面乳女150ml,92.0,67.3,京东（员工活动）
日用杂品/卫浴用品/面部护理及清洁,曼秀雷敦新碧儿童防晒霜100ml  保湿防水晒后修复敏感肌防晒乳小黄人IP,73.0,68.48,京东（员工活动）
日用杂品/卫浴用品/面部护理及清洁,瓷天使美白祛斑霜 雀妊娠晒老斑黄褐斑产品保湿补水护肤面霜精华套装30g,79.0,74.11,京东（员工活动）
日用杂品/卫浴用品/面部护理及清洁,广药白云山 美白祛斑霜去斑去淡黑色素淡斑老年斑晒斑保湿提亮肤色护肤品30g,88.0,82.55,京东（员工活动）
日用杂品/卫浴用品/面部护理及清洁,韩束 聚光白透臻润洁面乳100g 补水保湿清洁洗面奶男女平衡水油护肤品,129.0,84.0,京东（员工活动）
日用杂品/卫浴用品/面部护理及清洁,悦诗风吟（Innisfree）绿茶面霜平衡控油敏感肌清爽补水保湿舒润锁水大学生春夏护肤品女,121.11,112.0,京东（员工活动）
日用杂品/卫浴用品/面部护理及清洁,梦妆山茶凝时塑颜面霜50ml 补水保湿润肤 抗皱紧致淡纹 护肤品,269.0,144.0,京东（员工活动）
日用杂品/卫浴用品/面部护理及清洁,满婷（MANTING）控油洁面乳90g（洗面奶 控油 深层清洁）,39.8,28.0,京东（员工活动）
日用杂品/卫浴用品/面部护理及清洁,百雀羚（PECHOIN）洗面奶女 草本精萃补水保湿洁面乳95g,31.0,29.08,京东（员工活动）
日用杂品/卫浴用品/面部护理及清洁,SNOOPY史努比青少年面霜 净透莹亮光采霜50g（中学生护肤品 高中生脸霜早晚霜 保湿补水 烟酰胺莹亮滋润）,42.0,39.4,京东（员工活动）
日用杂品/卫浴用品/面部护理及清洁,阿芙AFU多效保湿防晒霜40g 防晒乳SPF50+ PA+++   清爽不油腻,55.0,46.0,京东（员工活动）
日用杂品/清洁用品/衣服护理及清洁,伊人妆园（PERIVOG）内衣内裤专用抑菌洗衣液250ml低泡易漂洗去血渍男女通用机洗手洗去污清洁护衣清洗液,5.9,5.54,京东（员工活动）
日用杂品/清洁用品/衣服护理及清洁,网易严选 小情绪洗衣凝珠15颗  除螨抑菌 持久留香柔顺洁净 浓缩洗衣液,9.9,7.9,京东（员工活动）
日用杂品/清洁用品/衣服护理及清洁,芭菲 馨香倍净洗衣液800g 芬香持久深层洁净儿童衣物污渍小瓶旅行装,16.9,7.9,京东（员工活动）
日用杂品/清洁用品/衣服护理及清洁,洛娃 多功能洗衣液 3斤装 无磷中性温和 六效合一 衣物清洁护理袋装,11.9,10.0,京东（员工活动）
日用杂品/卫浴用品/面部护理及清洁,珀莱雅云朵防晒霜50ml 清爽隔离防晒霜防水防汗 敏感肌防晒霜乳 女 男士,209.0,196.05,京东（员工活动）
日用杂品/卫浴用品/面部护理及清洁,优姿婷（LUMENE）北极滋润极地面霜50ml高保湿干皮补水北欧护肤品结婚生日礼物女友,239.0,199.0,京东（员工活动）
日用杂品/卫浴用品/面部护理及清洁,欧莱雅小银管防晒 水感轻肌30ml SPF50+ PA+++ 清爽轻薄 户外防晒霜,159.0,149.15,京东（员工活动）
日用杂品/卫浴用品/面部护理及清洁,肌肤之食氨基酸洁面泡沫乳230ml（控油去角质 弱酸性卸妆清洁洁面乳洗面奶男女士 敏感肌可用）,69.9,65.57,京东（员工活动）
日用杂品/卫浴用品/面部护理及清洁,花王碧柔（Biore）轻透倍护防晒乳40ml*2 SPF50+ PA+++  隔离 耐水耐汗水感透薄,73.0,68.08,京东（员工活动）
日用杂品/卫浴用品/面部护理及清洁,曼秀雷敦（Mentholatum）新碧儿童防晒霜100ml 清爽保湿晒后修复防水防晒护肤敏感肌防晒乳,73.0,68.48,京东（员工活动）
日用杂品/卫浴用品/面部护理及清洁,同仁堂氨基酸洗面奶洁面乳控油抗痘祛痘去黑头去角质死皮印除螨收缩毛孔深层清洁毛孔200ml,79.0,74.11,京东（员工活动）
日用杂品/卫浴用品/面部护理及清洁,丝幕 龙血膏贵妇膏麒麟竭欧美莲视黄醇胎盘素御龄素颜霜提亮肤色遮瑕补水保湿懒人霜裸妆50g,79.0,74.11,京东（员工活动）
日用杂品/卫浴用品/面部护理及清洁,Tfit素颜霜懒人霜裸妆男女脸部身体学生女专用 女生款100g,79.0,74.11,京东（员工活动）
日用杂品/卫浴用品/面部护理及清洁,曼秀雷敦（Mentholatum） 新碧水薄防晒霜乳80g*2支 清爽保湿补水紧致油皮适用户外男女士,89.9,84.33,京东（员工活动）
日用杂品/卫浴用品/面部护理及清洁,莎娜（SANA）豆乳美肌洗面奶女卸妆深层清洁毛孔男士控油洁面膏油性皮肤150g*2,150.0,105.0,京东（员工活动）
日用杂品/卫浴用品/面部护理及清洁,自然堂雪域精粹乳液120ml(锁水保湿滋润提亮肤色紧致细纹清爽不油腻),139.0,126.0,京东（员工活动）
日用杂品/卫浴用品/面部护理及清洁,养生堂氨基酸温和净润洁面乳100g  温柔洗净脆弱肌绵密泡沫洗面奶男女,138.0,128.0,京东（员工活动）
日用杂品/卫浴用品/面部护理及清洁,丁家宜防晒喷雾霜露户外防晒美白面部全身高倍防晒女男SPF50+PA+++120ml,158.0,148.21,京东（员工活动）
日用杂品/卫浴用品/面部护理及清洁,阿迪达斯 男士劲透控油炭爽洁面膏（100g+50g）活性洁面 吸收油脂,26.9,25.24,京东（员工活动）
日用杂品/卫浴用品/面部护理及清洁,美迪惠尔（Mediheal）毛孔清洁泡沫洁面乳(升级版)170ml(深层清洁 保湿护理)可莱丝韩国,49.0,33.0,京东（员工活动）
日用杂品/卫浴用品/面部护理及清洁,BAILUHUI水杨酸洗面奶南方医科大学氨基酸清爽控油抗痘黑头角质120ml,39.0,36.59,京东（员工活动）
日用杂品/卫浴用品/面部护理及清洁,悦诗风吟（Innisfree）绿茶泡沫洗面奶补水保湿深层清洁平衡水油控油清透洁面乳150ml,50.0,37.5,京东（员工活动）
日用杂品/卫浴用品/面部护理及清洁,同仁堂祛斑霜美白去斑男女士雀斑黄褐斑晒斑妊娠斑淡化黑色素溶斑霜50g,58.0,54.41,京东（员工活动）
日用杂品/卫浴用品/面部护理及清洁,丁家宜洗面奶氨基酸补水保湿深层清洁提亮肤色洗面奶洁面膏霜女男100g,58.0,54.41,京东（员工活动）
日用杂品/卫浴用品/面部护理及清洁,大宝SOD蜜200ml双支身体乳液面霜男女士润肤补水保湿霜,39.9,24.0,京东（员工活动）
日用杂品/卫浴用品/面部护理及清洁,Mistine（蜜丝婷）洗脸巾一次性洁面温和卸妆巾加厚珍珠纹棉棉柔亲肤巾干湿两用擦脸巾80抽,29.9,27.9,京东（员工活动）
日用杂品/清洁用品/衣服护理及清洁,网易严选 三合一洗衣凝珠 高效浓缩 5倍高浓缩洗衣液 洗衣珠 洗衣球 留香珠 快洗无残留 5颗试用装,3.9,3.66,京东（员工活动）
日用杂品/清洁用品/衣服护理及清洁,芭菲洗衣液芍药香氛深层洁净强效去污持久留香柔顺留香700g,16.9,8.9,京东（员工活动）
日用杂品/清洁用品/衣服护理及清洁,洁柔薰衣草香氛带嘴洗衣粉2.18kg 洁净焕新 香味持久 低泡去渍易漂,24.9,23.36,京东（员工活动）
日用杂品/清洁用品/衣服护理及清洁,芭菲 手洗专用洗衣液900g 内裤内衣儿童衣物温和不伤手持久留香,29.9,23.92,京东（员工活动）
日用杂品/清洁用品/生活用纸,史达立婴儿湿巾 EDI纯水宝宝湿纸巾80抽*5包 儿童洁肤柔纯水 手口湿巾,21.9,20.55,京东（员工活动）
日用杂品/清洁用品/生活用纸,维达（Vinda）湿巾 湿纸巾 婴儿湿巾 手口湿巾80片*3包 纯水湿巾 安全无刺激,29.9,28.05,京东（员工活动）
日用杂品/清洁用品/生活用纸,曼维抽纸巾 4层320张*20包软抽 抽取式餐巾纸卫生纸面巾纸 整箱销售,29.9,28.05,京东（员工活动）
日用杂品/清洁用品/生活用纸,清沐纯子 软抽纸巾 柔韧臻厚5层350张*24包 简约轻奢 面巾擦手纸 整箱销售,36.9,34.62,京东（员工活动）
日用杂品/清洁用品/生活用纸,洁柔抽纸(C&S) 黑Face面巾纸10盒加厚3-4层随机发货 无香盒抽（可湿水车载纸巾 商务办公居家抽纸 整箱销售）,65.9,56.9,京东（员工活动）
日用杂品/清洁用品/生活用纸,洁柔（C&S）卷纸Face 加厚4层36卷立体印花有芯卷纸厕纸家庭装卫生纸加量装,68.9,64.63,京东（员工活动）
日用杂品/清洁用品/生活用纸,唯依美小方抽纸110包110抽10*9三层木浆酒店餐饮饭店整箱餐巾纸VF8215,155.9,142.9,京东（员工活动）
日用杂品/清洁用品/生活用纸,竹π 心相印竹派竹浆本色纸手帕纸4层8片纸巾*12包,8.9,7.9,京东（员工活动）
日用杂品/清洁用品/生活用纸,网易严选 小情绪系列4层抽纸*8包 便携装抽纸卫生纸 家用办公室面巾纸餐巾纸 亲肤柔韧柔软 人间不值得8包,10.9,8.0,京东（员工活动）
日用杂品/清洁用品/生活用纸,网易严选 75%酒精湿巾50片/包 湿巾卫生湿巾 免洗清洁消毒 便携式一次性清洁湿纸巾,11.9,10.0,京东（员工活动）
日用杂品/清洁用品/生活用纸,维达（Vinda）手帕纸 超韧4层5张24包 航天IP款 湿水不易破 纸巾加厚 纸巾小包,11.9,11.17,京东（员工活动）
日用杂品/清洁用品/生活用纸,米特医生一次性洁面巾80片装卷筒式干湿两用加厚洁面擦脸卸妆洗脸巾,25.9,17.9,京东（员工活动）
日用杂品/清洁用品/生活用纸,清风手帕纸 金装love4层6张*30包纸手帕 4层厚韧 便携出行（加厚款）,9.9,9.29,京东（员工活动）
日用杂品/清洁用品/生活用纸,西尼synia 卫生消毒杀菌湿巾手口清洁80片/包 保湿家用办公室湿纸巾,29.9,10.1,京东（员工活动）
日用杂品/清洁用品/生活用纸,米特医生75%酒精湿巾40片/包 杀菌湿巾 免洗卫生湿纸巾 杀菌率99.9%,14.9,13.98,京东（员工活动）
日用杂品/卫浴用品/面部护理及清洁,AOPY 氨基酸净颜洗面奶200g 去黑头控油去角质卸妆  男女洁面保湿,29.9,19.9,京东（员工活动）
日用杂品/卫浴用品/面部护理及清洁,吾诺（UNO）男士炭活净颜洁面膏130g（洗面奶男 去油保湿 深入清洁）,48.0,35.1,京东（员工活动）
日用杂品/卫浴用品/面部护理及清洁,JOAJOTA小白管氨基酸洗面奶2支装120ml*2西洋梨营养保湿洁面乳（温和平衡水油  深层清洁 积雪草）,98.0,59.0,京东（员工活动）
日用杂品/清洁用品/生活用纸,顺清柔湿巾 医护级迷你湿巾湿纸巾99.9%杀菌8片*8包 便携式纯水无刺激洁肤湿巾 手口母婴适用,13.9,9.9,京东（员工活动）
日用杂品/清洁用品/生活用纸,采琪采抽纸 4层300张27包无香纸抽亲肤纸巾卫生纸可湿水面巾纸餐巾整箱,32.89,28.35,京东（员工活动）
日用杂品/清洁用品/生活用纸,斑布专供系列  3层120抽面巾纸抽纸10包装本色抽纸无漂白无添加 ,39.9,37.43,京东（员工活动）
日用杂品/清洁用品/生活用纸,她研社（Herlab ）奶滑小方乳霜纸 抽纸 面巾纸洗脸巾鼻炎专用纸6层20片10包,45.9,43.06,京东（员工活动）
日用杂品/清洁用品/生活用纸,清风（APP）抽纸 原木金装3层120抽*24 亲肤无刺激 卫生纸 纸巾 餐巾纸 整箱,48.8,45.78,京东（员工活动）
日用杂品/清洁用品/生活用纸,LEEME.ME粒米75%酒精湿巾海绵宝宝联名杀菌消毒湿纸巾珍珠纹90抽*6包/箱,59.9,50.0,京东（员工活动）
日用杂品/清洁用品/生活用纸,悠雅抽纸 可湿水抽取式面巾纸 大尺寸加厚350张*6包*5层 擦手纸餐巾纸,12.9,12.11,京东（员工活动）
日用杂品/清洁用品/生活用纸,心相印手帕纸巾【肖战同款】品诺 加厚面巾纸 4层6片*18包 黑色密码香,14.9,13.98,京东（员工活动）
日用杂品/清洁用品/生活用纸,好家风 抽纸餐巾纸卫生纸家用办公餐厅抽取式面巾纸母婴可用亲肤纸巾柔情抽纸8包4层100抽/包,15.9,14.92,京东（员工活动）
日用杂品/清洁用品/生活用纸,洁柔抽纸 黑Face加厚4层面巾纸90抽*6包 古龙香水味 L号 湿水强韧  ,25.9,18.9,京东（员工活动）
日用杂品/清洁用品/生活用纸,顺清柔 无芯卷纸卫生纸 国际版5层107g*14卷长条纸（1.5kg/提）,22.9,21.49,京东（员工活动）
日用杂品/清洁用品/生活用纸,怡恩贝75%酒精湿巾1片*100包 杀菌消毒湿巾 湿纸巾酒精棉片杀菌率99.9%,35.9,27.9,京东（员工活动）
日用杂品/清洁用品/生活用纸,清风3层510克6卷 大卷纸大盘纸 商用商场酒店卫生纸厕纸 整箱销售,54.9,45.0,京东（员工活动）
日用杂品/清洁用品/生活用纸,网易严选 小情绪系列48包 便携装纸巾抽纸卫生纸 家用办公室面巾纸餐巾纸 ,69.9,48.4,京东（员工活动）
日用杂品/清洁用品/生活用纸,可心柔（COROU）V9婴儿便携式纸巾3层40抽30包量贩装旅行装保湿纸云柔巾乳霜纸,68.9,59.9,京东（员工活动）
日用杂品/清洁用品/生活用纸,唯依美 大盘纸商用酒店12卷 压花大卷纸宾馆卫生间厕所厕纸木浆卫生纸巾卷筒纸VJ7317,72.9,68.39,京东（员工活动）
日用杂品/清洁用品/生活用纸,可心柔（COROU）V9婴儿纸巾柔纸巾保湿纸120抽16包儿童抽乳霜纸云柔巾新生儿纸巾,139.0,99.0,京东（员工活动）
日用杂品/清洁用品/生活用纸,维达 Vinda 大卷纸商用3层170米大盘纸商场酒店物业办公厕纸宾馆卫生间厕所手纸卫生纸巾卷筒纸vs4160,168.9,144.7,京东（员工活动）
日用杂品/清洁用品/生活用纸,维达（Vinda）卷纸2层2500节*12卷大卷纸大盘纸 商用商场酒店卫生纸 整箱销售,175.0,164.15,京东（员工活动）
日用杂品/清洁用品/生活用纸,鸥露（OULU）竹浆抽纸本色纸4层83抽*20包 无漂白卫生纸竹纤维软抽,59.9,56.19,京东（员工活动）
日用杂品/清洁用品/生活用纸,缘爱擦手纸3折150抽*20包抽纸加厚酒店厨房餐厅卫生间干手纸整箱销售,79.9,74.95,京东（员工活动）
日用杂品/清洁用品/生活用纸,日诺（Rinuo）水溶卫生纸可溶水卷纸融水有芯卷筒纸厕纸巾4层160克整箱27卷,95.9,89.96,京东（员工活动）
日用杂品/清洁用品/生活用纸,布雷默（BREMMER） 160抽20包商用商务擦手纸厨房纸整箱酒店家用卫生间洗手间纸巾厕所工程用干手纸,149.0,139.77,京东（员工活动）
日用杂品/清洁用品/生活用纸,悠雅抽纸5层加厚400张 家用面巾纸柔韧可湿水餐巾纸卫生纸3包,5.9,5.54,京东（员工活动）
日用杂品/清洁用品/生活用纸,网易严选 小情绪系列4层抽纸*8包 便携装抽纸卫生纸 家用办公室面巾纸餐巾纸 亲肤柔韧柔软,19.8,8.0,京东（员工活动）
日用杂品/清洁用品/生活用纸,LEEME.ME粒米杀菌卫生湿巾海绵宝宝联名独立装50片不含酒精儿童旅行便携装,13.9,11.2,京东（员工活动）
日用杂品/清洁用品/生活用纸,elleair大王爱璐儿 卫生湿巾20片*4包 无酒精型  灭菌率达99% 便携装,41.8,29.9,京东（员工活动）
日用杂品/清洁用品/生活用纸,清风抽纸 幸运草3层120抽*24包 卫生纸 纸巾 整箱 新老包装交替发货,59.9,49.9,京东（员工活动）
日用杂品/家居用品/毛巾浴巾,洁玉毛巾纯棉新疆棉2条五星级酒店洗脸洗澡男女士吸水面巾33*72cm灰棕,29.9,27.81,京东（员工活动）
日用杂品/家居用品/毛巾浴巾,三利毛巾4条洗脸菠萝纹面巾柔软吸水不易掉毛干发巾   35*75cm 80G,39.9,29.9,京东（员工活动）
日用杂品/清洁用品/生活用纸,健美创研珍珠纹3卷筒20*20cm一次性洗脸巾加厚棉柔巾美容化妆棉擦脸毛巾,24.9,23.16,京东（员工活动）
日用杂品/清洁用品/生活用纸,健美创研加厚加大便携旅行装浴巾一次性洗脸巾折叠型140cm*70cm6包装,26.9,25.02,京东（员工活动）
日用杂品/清洁用品/生活用纸,洁丽雅（Grace）一次性洗脸巾居家差旅洁面巾干湿两用擦脸巾便携洗脸巾珍珠纹3包,27.9,25.95,京东（员工活动）
日用杂品/清洁用品/生活用纸,洁丽雅（Grace）一次性洗脸巾 加厚珍珠纹棉柔巾美容女洗面巾洁面擦脸毛巾 3卷装,32.0,29.0,京东（员工活动）
日用杂品/清洁用品/生活用纸,棉上压缩毛巾1盒 全棉一次性双面毛巾粒旅行便携加厚 纯棉面巾洗脸巾10条,39.9,31.0,京东（员工活动）
日用杂品/清洁用品/生活用纸,最生活一次性浴巾加厚加大棉柔珍珠纹旅行便携出差一次性浴巾大号5条装,49.9,46.41,京东（员工活动）
日用杂品/清洁用品/生活用纸,洁丽雅（Grace）毛巾家纺 一次性洗脸巾毛巾宝宝口水巾擦脸洁面巾干湿柔巾珍珠纹棉柔巾20cm*15cm 80抽/包*6,59.9,55.0,京东（员工活动）
日用杂品/清洁用品/生活用纸,棉上洗脸巾一次性纯棉3盒 全棉洁面巾擦脸化妆棉 毛巾棉柔巾180片,79.9,64.9,京东（员工活动）
日用杂品/清洁用品/生活用纸,名创优品（MINISO）洗脸巾一次性棉柔巾干湿两用珍珠纹洗面巾洁面巾100抽*8包,79.0,71.1,京东（员工活动）
日用杂品/清洁用品/生活用纸,洁丽雅 Grace 一次性洗脸毛巾 棉柔巾 居家差旅便携洁面巾 干湿两用 擦脸巾珍珠纹款6包 20*20cm 80片/包,79.9,74.31,京东（员工活动）
日用杂品/清洁用品/生活用纸,洁丽雅（Grace）棉柔巾居家差旅便携洁面巾 干湿两用 一次性洗脸毛巾 擦脸巾珍珠纹款10包 15*20cm 80片/包,99.0,79.9,京东（员工活动）
日用杂品/清洁用品/生活用纸,洁丽雅（Grace）洗脸巾居家差旅便携洁面巾干湿两用一次性洗脸毛巾压缩擦脸巾,15.9,12.88,京东（员工活动）
日用杂品/清洁用品/生活用纸,洁丽雅 Grace 一次性洗脸毛巾 棉柔巾 居家差旅便携洁面巾 干湿两用 擦脸巾平纹款单包装 20*20cm 100片/包,14.9,12.9,京东（员工活动）
日用杂品/清洁用品/生活用纸,名创优品（MINISO）婴儿洗脸巾一次性棉柔巾宝宝洁面巾干湿两用洗脸巾120抽*1包,15.0,13.95,京东（员工活动）
日用杂品/清洁用品/生活用纸,洁丽雅一次性洗脸巾擦脸洗脸毛巾加厚珍珠纹美容化妆卸妆棉柔巾2卷120片,24.9,22.4,京东（员工活动）
日用杂品/清洁用品/生活用纸,迪士尼（Disney）压缩毛巾一次性洗脸巾加大加厚洗面巾纸棉柔巾旅行用品20粒*2包装,24.9,22.9,京东（员工活动）
日用杂品/清洁用品/生活用纸,澳尤美（O'UOUM）木帛棉系列全棉棉柔巾一次性洗脸巾60抽/盒,26.7,24.03,京东（员工活动）
日用杂品/清洁用品/生活用纸,洁丽雅（Grace）一次性压缩浴巾酒店加厚便携旅行旅游游泳用品浴巾3粒 100*70cm,29.9,24.9,京东（员工活动）
